71165,aDavidM.Pennock,2005,0
33935,aInderjitS.Dhillon,2005,0
17574,aLuisGravano,2005,0
272542,aDanSuciu,2005,0
70364,aNikosMamoulis,2005,0
20842,aJunghooCho,2005,0
18763,aWaiLam,2005,0
35371,aKotagiriRamamohanarao,2005,0
1839,aJeffreyXuYu,2005,0
35424,aDavidWai-LokCheung,2005,0
272677,aVivekR.Narasayya,2005,0
71855,aMitsunoriOgihara,2005,0
11984,aPeterJ.Haas,2005,0
71188,aXifengYan,2005,0
44937,aVipinKumar,2005,0
40824,aPer-&Aring;keLarson,2005,0
35385,aNicholasKushmerick,2005,0
47689,aWeiFan,2005,0
273165,aJayavelShanmugasundaram,2005,0
119770,aMinosN.Garofalakis,2005,0
273090,aShivnathBabu,2005,0
141018,aLee-FengChien,2005,0
346,aHeikkiMannila,2005,0
144462,aWen-SyanLi,2005,0
35509,aTat-SengChua,2005,0
40949,aDanielaFlorescu,2005,0
41010,aAmrElAbbadi,2005,0
98304,aWeiWang0011,2005,0
22184,aHongyuanZha,2005,0
94482,aGeorgGottlob,2005,0
272702,aAnHaiDoan,2005,0
1623,aWalidG.Aref,2005,0
72499,aSudiptoGuha,2005,0
297894,aPascalFua,2005,0
272706,aAnthonyK.H.Tung,2005,0
17565,aM.Tamer&Ouml;zsu,2005,0
122732,aStephenE.Robertson,2005,0
122731,aMarkSanderson,2005,0
122730,aIanRuthven,2005,0
100804,aJunYang0001,2005,0
37250,aVolkerMarkl,2005,0
58861,aJoydeepGhosh,2005,0
122721,aYimingYang,2005,0
273154,aJerryKiernan,2005,0
142160,aWeiguoFan,2005,0
1552,aRakeshAgrawal,2005,0
267,aHans-PeterKriegel,2005,0
71985,aS.Sudarshan0001,2005,0
237124,aGuozhuDong,2005,0
188769,aChristophKoch0001,2005,0
100802,aWeiWang0010,2005,0
237413,aVanjaJosifovski,2005,0
35650,aWei-YingMa,2005,0
71273,aDavidR.Karger,2005,0
17486,aMing-SyanChen,2005,0
347310,aMichailVlachos,2005,0
323570,aBrianBabcock,2005,0
35649,aBenyuZhang,2005,0
10592,aChrisH.Q.Ding,2005,0
9571,aAoyingZhou,2005,0
11475,aSusanB.Davidson,2005,0
17578,aNingZhong,2005,0
106,aRichardHull,2005,0
64145,aPhillipB.Gibbons,2005,0
521237,aShreeK.Nayar,2005,0
37964,aPhokionG.Kolaitis,2005,0
98315,aKian-LeeTan,2005,0
19140,aBarrySmyth,2005,0
250970,aHowardJ.Hamilton,2005,0
158066,aDanielA.Keim,2005,0
323610,aRaghavKaushik,2005,0
115210,aIhabF.Ilyas,2005,0
480517,aDavidD.Jensen,2005,0
57298,aDouglasW.Oard,2005,0
17489,aAidongZhang,2005,0
115104,aChengXiangZhai,2005,0
17554,aRajeevRastogi,2005,0
70979,aTuomasSandholm,2005,0
322066,aDaphneKoller,2005,0
40632,aGiuseppeDeGiacomo,2005,0
40633,aMaurizioLenzerini,2005,0
272397,aAlonY.Halevy,2005,0
12580,aShusakuTsumoto,2005,0
72400,aRaymondT.Ng,2005,0
71488,aRonaldFagin,2005,0
8133,aAlfonsKemper,2005,0
272669,aNickKoudas,2005,0
6780,aHaiZhuge,2005,0
5318,aUmeshwarDayal,2005,0
101158,aBengChinOoi,2005,0
62970,aTakeoKanade,2005,0
156984,aDennisE.Shasha,2005,0
5316,aFabioCasati,2005,0
286624,aPedroM.Domingos,2005,0
17499,aXindongWu,2005,0
19212,aSteffenStaab,2005,0
98274,aChristianS.Jensen,2005,0
122909,aCharlesL.A.Clarke,2005,0
71766,aRaviKumar0001,2005,0
170055,aTheodoreJohnson,2005,0
151367,aSharadMehrotra,2005,0
37221,aGerhardWeikum,2005,0
114935,aSrinivasanParthasarathy,2005,0
237246,aH.V.Jagadish,2005,0
251308,aDiveshSrivastava,2005,0
17622,aElkeA.Rundensteiner,2005,0
69347,aSubbaraoKambhampati,2005,0
272433,aAnastassiaAilamaki,2005,0
100816,aChristosFaloutsos,2005,0
17542,aBenKao,2005,0
119581,aCraigBoutilier,2005,0
272438,aHamidPirahesh,2005,0
20074,aHuanLiu,2005,0
40526,aStevenMinton,2005,0
272534,aKevinChen-ChuanChang,2005,0
12992,aJianyongWang,2005,0
112631,aCarlottaDomeniconi,2005,0
19683,aHaixunWang,2005,0
250961,aDanielS.Weld,2005,0
172169,aRussellGreiner,2005,0
93845,aGeorgeKarypis,2005,0
107,aJianwenSu,2005,0
21612,aHiroshiMotoda,2005,0
157996,aK.Sel&ccedil;ukCandan,2005,0
347298,aAndrewTomkins,2005,0
377862,aThomasHofmann,2005,0
19289,aHwanjoYu,2005,0
100200,aWenfeiFan,2005,0
66995,aGautamDas,2005,0
237152,aPhilipBohannon,2005,0
480362,aVijayshankarRaman,2005,0
157360,aSunilPrabhakar,2005,0
39499,aPrabhakarRaghavan,2005,0
156918,aMichaelJ.Carey,2005,0
237302,aYannisPapakonstantinou,2005,0
113764,aHongJiangZhang,2005,0
36638,aSergeAbiteboul,2005,0
19674,aMasaruKitsuregawa,2005,0
18579,aKrithiRamamritham,2005,0
168629,aRichardE.Korf,2005,0
168415,aDavidB.Lomet,2005,0
20885,aWilliamW.Cohen,2005,0
70971,aGrahamCormode,2005,2
17636,aJigneshM.Patel,2005,0
17637,aGeorgeKollios,2005,0
272425,aJ&eacute;r&ocirc;meSim&eacute;on,2005,0
98537,aJianPei,2005,0
18417,aJaimeG.Carbonell,2005,0
197923,aOsmarR.Za&iuml;ane,2005,0
17638,aVassilisJ.Tsotras,2005,0
18102,aSoumenChakrabarti,2005,0
100801,aYufeiTao,2005,0
347421,aAristidesGionis,2005,0
100803,aJiongYang,2005,0
20484,aJiaweiHan,2005,0
556424,aSridharRajagopalan,2005,0
99027,aTokWangLing,2005,0
72740,aRen&eacute;eJ.Miller,2005,0
105906,aTuBaoHo,2005,0
23718,aHongjunLu,2005,0
251496,aWeiyiMeng,2005,0
36221,aAlanF.Smeaton,2005,0
175,aAmbujK.Singh,2005,0
107504,aHillolKargupta,2005,0
69268,aOrenEtzioni,2005,0
40901,aMouniaLalmas,2005,0
98613,aJi-RongWen,2005,0
17492,aDivyakantAgrawal,2005,0
114624,aTobiasScheffer,2005,0
273120,aSunitaSarawagi,2005,0
122923,aJoemonM.Jose,2005,0
122751,aNickCercone,2005,0
114936,aBingLiu0001,2005,0
115211,aGuyM.Lohman,2005,0
9240,aHectorGarcia-Molina,2005,0
398379,aKevinS.Beyer,2005,0
157762,aEdwardY.Chang,2005,0
7099,aRamakrishnanSrikant,2005,0
480464,aPrasanRoy,2005,7
272935,aRaghuRamakrishnan,2005,0
41025,aAlbertoO.Mendelzon,2005,0
560322,aSriramPadmanabhan,2005,0
323504,aMartinEster,2005,0
41187,aCyrusShahabi,2005,0
17555,aKyuseokShim,2005,0
198066,aJ&ouml;rgSander,2005,0
246730,aI.V.Ramakrishnan,2005,0
2068,aZhengChen,2005,0
114898,aMohammedJaveedZaki,2005,0
35364,aCraigA.Knoblock,2005,0
99582,aCharuC.Aggarwal,2005,0
189140,aTobyWalsh,2005,0
141851,aDavidA.Grossman,2005,0
114890,aEamonnJ.Keogh,2005,0
63683,aHeung-YeungShum,2005,0
273217,aMitchCherniack,2005,0
619013,aVictorLavrenko,2005,0
273214,aEugeneJ.Shekita,2005,0
9237,aMayankBawa,2005,0
17522,aQiangYang0001,2005,0
40503,aKatsumiTanaka,2005,0
143387,aAbdurChowdhury,2005,0
272629,aLucianPopa,2005,0
141453,aAyaSoffer,2005,0
557795,aYirongXu,2005,0
272396,aJayantMadhavan,2005,0
1188,aKeWang,2005,0
103234,aVincentConitzer,2005,0
272342,aJohannesGehrke,2005,0
40728,aAhmedK.Elmagarmid,2005,0
1733,aCarloZaniolo,2005,0
39619,aRajeevMotwani,2005,0
141616,aBerthierA.Ribeiro-Neto,2005,0
6755,aCaroleA.Goble,2005,0
143729,aJamesP.Callan,2005,0
237445,aMong-LiLee,2005,0
71543,aJeffreyScottVitter,2005,0
69210,aC.LeeGiles,2005,0
251013,aCharlesX.Ling,2005,0
69454,aEricA.Hansen,2005,0
59744,aJayantR.Haritsa,2005,0
110758,aLuoSi,2005,0
40472,aYannisE.Ioannidis,2005,0
1167,aPhilipA.Bernstein,2005,0
122801,aNorbertFuhr,2005,0
168315,aJosephM.Hellerstein,2005,0
122063,aSihemAmer-Yahia,2005,0
17611,aNickRoussopoulos,2005,0
415477,aTorstenSuel,2005,0
71689,aAmolDeshpande,2005,0
12198,aWang-ChienLee,2005,0
122746,aW.BruceCroft,2005,0
107700,aYannisKotidis,2005,0
272440,aDonaldKossmann,2005,0
272557,aStanleyB.Zdonik,2005,0
272757,aFlipKorn,2005,0
17510,aPhilipS.Yu,2005,0
98759,aAdaWai-CheeFu,2005,0
323244,aBernhardSeeger,2005,0
540232,aHua-JunZeng,2005,0
13066,aOphirFrieder,2005,0
17573,aSurajitChaudhuri,2005,0
40631,aDiegoCalvanese,2005,0
167176,aC.Mohan0001,2005,0
58754,aRongJin,2005,0
250985,aPadhraicSmyth,2005,0
36244,aMartinL.Kersten,2005,0
122781,aIadhOunis,2005,0
323528,aChrisJermaine,2005,0
272611,aTovaMilo,2005,0
70525,aDavidJ.DeWitt,2005,0
55572,aStefanoSoatto,2005,0
41219,aHans-J&ouml;rgSchek,2005,0
69209,aSteveLawrence,2005,0
70338,aS.Muthukrishnan,2005,0
142161,aEdwardA.Fox,2005,0
237350,aMichaelJ.Franklin,2005,9
67539,aChenLi0001,2005,0
23740,aGeoffreyI.Webb,2005,0
58828,aThomasS.Huang,2005,0
41068,aStefanoCeri,2005,0
188839,aYuchangLu,2005,0
173236,aRicardoVilalta,2005,0
22316,aEibeFrank,2005,0
73558,aCheeYongChan,2005,0
73009,aHonghuaDai,2005,0
112522,aShengMa,2005,0
272464,aKennethA.Ross,2005,0
122831,aJustinZobel,2005,0
322387,aRobertoJ.BayardoJr.,2005,0
21611,aTakashiWashio,2005,0
272362,aSamuelMadden,2005,0
322029,aSebastianThrun,2005,0
122778,aJamesAllan,2005,0
734862,aWensiXi,2005,0
272369,aLaksV.S.Lakshmanan,2005,0
122011,aIoanaManolescu,2005,0
62016,aYingWu,2005,0
6544,aLingLiu,2005,8
11169,aAmarnathGupta,2005,0
237483,aJenniferWidom,2005,0
33582,aXiaofengHe,2005,0
99643,aJavedA.Aslam,2005,0
17582,aDimitrisPapadias,2005,0
71602,aJeffreyF.Naughton,2005,0
115142,aPang-NingTan,2005,0
18539,aTaoLi,2005,0
112632,aDimitriosGunopulos,2005,0
480382,aAndrewW.Moore0001,2005,0
36811,aMichaelStonebraker,2005,0
322598,aAndrewZisserman,2005,0
12433,aJulianaFreire,2005,0
69709,aRaymondJ.Mooney,2005,0
122886,aSusanT.Dumais,2005,0
156136,aLeonidLibkin,2005,0
28200,aWynneHsu,2005,0
156134,aMarceloArenas,2005,0
143834,aClementT.Yu,2005,0
33935,aInderjitS.Dhillon,2006,0
250985,aPadhraicSmyth,2006,0
17574,aLuisGravano,2006,0
272542,aDanSuciu,2006,0
70364,aNikosMamoulis,2006,0
20842,aJunghooCho,2006,0
18763,aWaiLam,2006,0
17573,aSurajitChaudhuri,2006,0
98245,aMohamedF.Mokbel,2006,0
545789,aWeeSunLee,2006,0
272677,aVivekR.Narasayya,2006,0
441440,aVenkateshGanti,2006,0
11984,aPeterJ.Haas,2006,0
71188,aXifengYan,2006,0
44937,aVipinKumar,2006,0
40824,aPer-&Aring;keLarson,2006,0
273246,aVagelisHristidis,2006,0
100200,aWenfeiFan,2006,0
47689,aWeiFan,2006,0
273165,aJayavelShanmugasundaram,2006,0
119770,aMinosN.Garofalakis,2006,0
273090,aShivnathBabu,2006,0
122923,aJoemonM.Jose,2006,0
346,aHeikkiMannila,2006,0
144462,aWen-SyanLi,2006,0
35509,aTat-SengChua,2006,0
40949,aDanielaFlorescu,2006,0
41010,aAmrElAbbadi,2006,0
140300,aWangChiewTan,2006,0
98304,aWeiWang0011,2006,0
22184,aHongyuanZha,2006,0
94482,aGeorgGottlob,2006,0
272702,aAnHaiDoan,2006,0
1623,aWalidG.Aref,2006,0
72499,aSudiptoGuha,2006,0
122738,aJian-YunNie,2006,0
272706,aAnthonyK.H.Tung,2006,0
17565,aM.Tamer&Ouml;zsu,2006,0
122731,aMarkSanderson,2006,0
122730,aIanRuthven,2006,0
100804,aJunYang0001,2006,0
141453,aAyaSoffer,2006,0
58861,aJoydeepGhosh,2006,0
122721,aYimingYang,2006,0
237483,aJenniferWidom,2006,0
17486,aMing-SyanChen,2006,0
267,aHans-PeterKriegel,2006,0
71985,aS.Sudarshan0001,2006,0
151367,aSharadMehrotra,2006,0
188769,aChristophKoch0001,2006,0
100802,aWeiWang0010,2006,0
323244,aBernhardSeeger,2006,0
35650,aWei-YingMa,2006,0
1839,aJeffreyXuYu,2006,0
39072,aXiaoouTang,2006,0
540378,aJian-TaoSun,2006,0
347310,aMichailVlachos,2006,0
17489,aAidongZhang,2006,0
35649,aBenyuZhang,2006,0
10592,aChrisH.Q.Ding,2006,0
9571,aAoyingZhou,2006,0
11475,aSusanB.Davidson,2006,0
71,aRicardoA.Baeza-Yates,2006,0
119581,aCraigBoutilier,2006,0
521237,aShreeK.Nayar,2006,0
37964,aPhokionG.Kolaitis,2006,0
98315,aKian-LeeTan,2006,0
19140,aBarrySmyth,2006,0
250970,aHowardJ.Hamilton,2006,0
323610,aRaghavKaushik,2006,0
115210,aIhabF.Ilyas,2006,0
480517,aDavidD.Jensen,2006,0
57298,aDouglasW.Oard,2006,0
115104,aChengXiangZhai,2006,0
17554,aRajeevRastogi,2006,0
115346,aSpirosPapadimitriou,2006,0
141616,aBerthierA.Ribeiro-Neto,2006,0
38931,aChewLimTan,2006,0
70979,aTuomasSandholm,2006,0
322066,aDaphneKoller,2006,0
122746,aW.BruceCroft,2006,0
40633,aMaurizioLenzerini,2006,0
272397,aAlonY.Halevy,2006,0
12580,aShusakuTsumoto,2006,0
123194,aEugeneAgichtein,2006,0
71488,aRonaldFagin,2006,0
8133,aAlfonsKemper,2006,0
272669,aNickKoudas,2006,0
6780,aHaiZhuge,2006,0
101158,aBengChinOoi,2006,0
40728,aAhmedK.Elmagarmid,2006,0
156984,aDennisE.Shasha,2006,0
286624,aPedroM.Domingos,2006,0
17499,aXindongWu,2006,0
19212,aSteffenStaab,2006,0
98274,aChristianS.Jensen,2006,0
122909,aCharlesL.A.Clarke,2006,0
71766,aRaviKumar0001,2006,0
11762,aGuidoMoerkotte,2006,0
7732,aYongYu,2006,0
37221,aGerhardWeikum,2006,0
237246,aH.V.Jagadish,2006,0
17622,aElkeA.Rundensteiner,2006,0
69347,aSubbaraoKambhampati,2006,0
272433,aAnastassiaAilamaki,2006,0
100816,aChristosFaloutsos,2006,0
170055,aTheodoreJohnson,2006,0
272438,aHamidPirahesh,2006,0
20074,aHuanLiu,2006,0
272534,aKevinChen-ChuanChang,2006,0
12992,aJianyongWang,2006,0
122831,aJustinZobel,2006,0
112631,aCarlottaDomeniconi,2006,0
19683,aHaixunWang,2006,0
18102,aSoumenChakrabarti,2006,0
172169,aRussellGreiner,2006,0
71602,aJeffreyF.Naughton,2006,0
921206,aPanayiotisTsaparas,2006,0
21612,aHiroshiMotoda,2006,0
157996,aK.Sel&ccedil;ukCandan,2006,0
347298,aAndrewTomkins,2006,0
377862,aThomasHofmann,2006,0
143729,aJamesP.Callan,2006,0
66995,aGautamDas,2006,0
237152,aPhilipBohannon,2006,0
20990,aZhi-HuaZhou,2006,0
157360,aSunilPrabhakar,2006,0
93845,aGeorgeKarypis,2006,0
39499,aPrabhakarRaghavan,2006,0
156918,aMichaelJ.Carey,2006,0
237302,aYannisPapakonstantinou,2006,0
113764,aHongJiangZhang,2006,0
36638,aSergeAbiteboul,2006,0
143412,aSouravS.Bhowmick,2006,0
40285,aAndreiZ.Broder,2006,0
168415,aDavidB.Lomet,2006,0
35371,aKotagiriRamamohanarao,2006,0
70971,aGrahamCormode,2006,0
17636,aJigneshM.Patel,2006,0
17637,aGeorgeKollios,2006,0
272425,aJ&eacute;r&ocirc;meSim&eacute;on,2006,0
251092,aRonenFeldman,2006,0
197923,aOsmarR.Za&iuml;ane,2006,0
250961,aDanielS.Weld,2006,0
100801,aYufeiTao,2006,0
347421,aAristidesGionis,2006,0
100803,aJiongYang,2006,0
20484,aJiaweiHan,2006,0
251308,aDiveshSrivastava,2006,0
122769,aArjenP.deVries,2006,0
99027,aTokWangLing,2006,0
72740,aRen&eacute;eJ.Miller,2006,0
123077,aWolfgangNejdl,2006,0
105906,aTuBaoHo,2006,0
23718,aHongjunLu,2006,0
251496,aWeiyiMeng,2006,0
36221,aAlanF.Smeaton,2006,0
175,aAmbujK.Singh,2006,0
107504,aHillolKargupta,2006,0
40901,aMouniaLalmas,2006,0
98613,aJi-RongWen,2006,0
237430,aAlinDeutsch,2006,0
114624,aTobiasScheffer,2006,0
273120,aSunitaSarawagi,2006,0
114935,aSrinivasanParthasarathy,2006,0
114936,aBingLiu0001,2006,0
32559,aDonghuiZhang,2006,0
9240,aHectorGarcia-Molina,2006,0
398379,aKevinS.Beyer,2006,0
157762,aEdwardY.Chang,2006,0
7099,aRamakrishnanSrikant,2006,0
122859,aAndrewMcCallum,2006,0
272935,aRaghuRamakrishnan,2006,0
41025,aAlbertoO.Mendelzon,2006,6
560322,aSriramPadmanabhan,2006,0
323504,aMartinEster,2006,0
115050,aHuiXiong,2006,0
17555,aKyuseokShim,2006,0
110758,aLuoSi,2006,0
686689,aAlexeyPryakhin,2006,0
246730,aI.V.Ramakrishnan,2006,0
2068,aZhengChen,2006,0
120368,aQiangJi,2006,0
114898,aMohammedJaveedZaki,2006,0
35364,aCraigA.Knoblock,2006,0
141851,aDavidA.Grossman,2006,0
122778,aJamesAllan,2006,0
17492,aDivyakantAgrawal,2006,0
122897,aMaartendeRijke,2006,0
38993,aMichaelR.Lyu,2006,0
273217,aMitchCherniack,2006,0
619013,aVictorLavrenko,2006,0
273214,aEugeneJ.Shekita,2006,0
114943,aJinyanLi,2006,0
17522,aQiangYang0001,2006,0
112632,aDimitriosGunopulos,2006,0
40503,aKatsumiTanaka,2006,0
143387,aAbdurChowdhury,2006,0
272629,aLucianPopa,2006,0
37250,aVolkerMarkl,2006,0
99582,aCharuC.Aggarwal,2006,0
1188,aKeWang,2006,0
103234,aVincentConitzer,2006,0
272342,aJohannesGehrke,2006,0
41187,aCyrusShahabi,2006,0
1733,aCarloZaniolo,2006,0
17510,aPhilipS.Yu,2006,0
39619,aRajeevMotwani,2006,0
62970,aTakeoKanade,2006,0
98258,aMatthiasSchubert,2006,0
237445,aMong-LiLee,2006,0
140210,aEe-PengLim,2006,0
71543,aJeffreyScottVitter,2006,0
69210,aC.LeeGiles,2006,0
251013,aCharlesX.Ling,2006,0
69454,aEricA.Hansen,2006,0
59744,aJayantR.Haritsa,2006,0
40472,aYannisE.Ioannidis,2006,0
1167,aPhilipA.Bernstein,2006,0
415477,aTorstenSuel,2006,0
540196,aDouShen,2006,0
168315,aJosephM.Hellerstein,2006,0
122063,aSihemAmer-Yahia,2006,0
17611,aNickRoussopoulos,2006,0
100415,aGaoCong,2006,0
115211,aGuyM.Lohman,2006,0
480418,aLiseGetoor,2006,0
71689,aAmolDeshpande,2006,0
12198,aWang-ChienLee,2006,0
107700,aYannisKotidis,2006,0
352527,aIanDavidson,2006,0
272440,aDonaldKossmann,2006,0
98537,aJianPei,2006,0
599393,aMartinPfeifle,2006,0
272557,aStanleyB.Zdonik,2006,0
272757,aFlipKorn,2006,0
67157,aPeterStone,2006,0
98759,aAdaWai-CheeFu,2006,0
540232,aHua-JunZeng,2006,0
13066,aOphirFrieder,2006,0
322387,aRobertoJ.BayardoJr.,2006,0
167176,aC.Mohan0001,2006,0
155116,aMarcusFontoura,2006,0
58754,aRongJin,2006,0
72400,aRaymondT.Ng,2006,0
122781,aIadhOunis,2006,0
13714,aPeerKr&ouml;ger,2006,0
323528,aChrisJermaine,2006,0
272611,aTovaMilo,2006,0
142160,aWeiguoFan,2006,0
70525,aDavidJ.DeWitt,2006,0
55572,aStefanoSoatto,2006,0
480362,aVijayshankarRaman,2006,0
70338,aS.Muthukrishnan,2006,0
142161,aEdwardA.Fox,2006,0
237350,aMichaelJ.Franklin,2006,0
67539,aChenLi0001,2006,0
64637,aLucJ.VanGool,2006,0
23740,aGeoffreyI.Webb,2006,0
58828,aThomasS.Huang,2006,0
41068,aStefanoCeri,2006,0
297894,aPascalFua,2006,0
22316,aEibeFrank,2006,0
73558,aCheeYongChan,2006,0
112522,aShengMa,2006,0
115091,aChristianB&ouml;hm,2006,0
5203,aQiongLuo,2006,0
1552,aRakeshAgrawal,2006,0
272362,aSamuelMadden,2006,0
322029,aSebastianThrun,2006,0
114890,aEamonnJ.Keogh,2006,0
734862,aWensiXi,2006,0
272369,aLaksV.S.Lakshmanan,2006,0
122011,aIoanaManolescu,2006,0
62016,aYingWu,2006,0
6544,aLingLiu,2006,0
17584,aDikLunLee,2006,0
33582,aXiaofengHe,2006,0
99643,aJavedA.Aslam,2006,0
17582,aDimitrisPapadias,2006,0
18579,aKrithiRamamritham,2006,0
115142,aPang-NingTan,2006,0
18539,aTaoLi,2006,0
63683,aHeung-YeungShum,2006,0
480382,aAndrewW.Moore0001,2006,0
100047,aTie-YanLiu,2006,0
322598,aAndrewZisserman,2006,0
12433,aJulianaFreire,2006,0
69709,aRaymondJ.Mooney,2006,0
122886,aSusanT.Dumais,2006,0
156136,aLeonidLibkin,2006,0
28200,aWynneHsu,2006,0
36811,aMichaelStonebraker,2006,0
143834,aClementT.Yu,2006,0
17573,aSurajitChaudhuri,2007,0
17574,aLuisGravano,2007,0
272542,aDanSuciu,2007,0
70364,aNikosMamoulis,2007,0
322599,aDavidA.Forsyth,2007,0
20842,aJunghooCho,2007,0
18763,aWaiLam,2007,0
122721,aYimingYang,2007,0
98245,aMohamedF.Mokbel,2007,0
272370,aMirekRiedewald,2007,0
272677,aVivekR.Narasayya,2007,0
441440,aVenkateshGanti,2007,0
11984,aPeterJ.Haas,2007,0
71188,aXifengYan,2007,0
5316,aFabioCasati,2007,0
44937,aVipinKumar,2007,0
40824,aPer-&Aring;keLarson,2007,0
273246,aVagelisHristidis,2007,0
100200,aWenfeiFan,2007,0
93156,aJiepingYe,2007,0
47689,aWeiFan,2007,0
273165,aJayavelShanmugasundaram,2007,0
119770,aMinosN.Garofalakis,2007,0
273090,aShivnathBabu,2007,0
122923,aJoemonM.Jose,2007,0
346,aHeikkiMannila,2007,0
40949,aDanielaFlorescu,2007,0
41010,aAmrElAbbadi,2007,0
140300,aWangChiewTan,2007,0
22184,aHongyuanZha,2007,0
94482,aGeorgGottlob,2007,0
272702,aAnHaiDoan,2007,0
143387,aAbdurChowdhury,2007,0
72499,aSudiptoGuha,2007,0
122738,aJian-YunNie,2007,0
272557,aStanleyB.Zdonik,2007,0
17565,aM.Tamer&Ouml;zsu,2007,0
122731,aMarkSanderson,2007,0
122730,aIanRuthven,2007,0
100804,aJunYang0001,2007,0
142160,aWeiguoFan,2007,0
17486,aMing-SyanChen,2007,0
267,aHans-PeterKriegel,2007,0
71985,aS.Sudarshan0001,2007,0
151367,aSharadMehrotra,2007,0
188769,aChristophKoch0001,2007,0
63197,aMubarakShah,2007,0
37221,aGerhardWeikum,2007,0
24666,aMichalisVazirgiannis,2007,0
39072,aXiaoouTang,2007,0
540378,aJian-TaoSun,2007,0
347310,aMichailVlachos,2007,0
156984,aDennisE.Shasha,2007,0
35649,aBenyuZhang,2007,0
67157,aPeterStone,2007,0
10592,aChrisH.Q.Ding,2007,0
9571,aAoyingZhou,2007,0
119581,aCraigBoutilier,2007,0
98315,aKian-LeeTan,2007,0
19140,aBarrySmyth,2007,0
159715,aSergeyMelnik,2007,0
323610,aRaghavKaushik,2007,0
115210,aIhabF.Ilyas,2007,0
480517,aDavidD.Jensen,2007,0
57298,aDouglasW.Oard,2007,0
115104,aChengXiangZhai,2007,0
17554,aRajeevRastogi,2007,0
115346,aSpirosPapadimitriou,2007,0
141616,aBerthierA.Ribeiro-Neto,2007,0
70979,aTuomasSandholm,2007,0
23443,aXingquanZhu,2007,0
40632,aGiuseppeDeGiacomo,2007,0
272397,aAlonY.Halevy,2007,0
12580,aShusakuTsumoto,2007,0
123194,aEugeneAgichtein,2007,0
8133,aAlfonsKemper,2007,0
272669,aNickKoudas,2007,0
2068,aZhengChen,2007,0
101158,aBengChinOoi,2007,0
272706,aAnthonyK.H.Tung,2007,0
58861,aJoydeepGhosh,2007,0
111030,aChangshuiZhang,2007,0
286624,aPedroM.Domingos,2007,0
17499,aXindongWu,2007,0
98274,aChristianS.Jensen,2007,0
122909,aCharlesL.A.Clarke,2007,0
71766,aRaviKumar0001,2007,0
71,aRicardoA.Baeza-Yates,2007,0
7732,aYongYu,2007,0
237413,aVanjaJosifovski,2007,0
237246,aH.V.Jagadish,2007,0
17622,aElkeA.Rundensteiner,2007,0
69347,aSubbaraoKambhampati,2007,0
99055,aHangLi,2007,0
272433,aAnastassiaAilamaki,2007,0
100816,aChristosFaloutsos,2007,0
272438,aHamidPirahesh,2007,0
20074,aHuanLiu,2007,0
272534,aKevinChen-ChuanChang,2007,0
12992,aJianyongWang,2007,0
122831,aJustinZobel,2007,0
112631,aCarlottaDomeniconi,2007,0
6934,aKarlAberer,2007,10
250961,aDanielS.Weld,2007,0
172169,aRussellGreiner,2007,0
71602,aJeffreyF.Naughton,2007,0
93845,aGeorgeKarypis,2007,0
17646,aXueminLin,2007,0
21612,aHiroshiMotoda,2007,0
157996,aK.Sel&ccedil;ukCandan,2007,0
347298,aAndrewTomkins,2007,0
143729,aJamesP.Callan,2007,0
66995,aGautamDas,2007,0
237152,aPhilipBohannon,2007,0
20990,aZhi-HuaZhou,2007,0
157360,aSunilPrabhakar,2007,0
234056,aBrianD.Davison0001,2007,0
39499,aPrabhakarRaghavan,2007,0
156918,aMichaelJ.Carey,2007,0
237302,aYannisPapakonstantinou,2007,0
36638,aSergeAbiteboul,2007,0
143412,aSouravS.Bhowmick,2007,0
40285,aAndreiZ.Broder,2007,0
168415,aDavidB.Lomet,2007,0
100802,aWeiWang0010,2007,0
35371,aKotagiriRamamohanarao,2007,0
1839,aJeffreyXuYu,2007,0
17636,aJigneshM.Patel,2007,0
17637,aGeorgeKollios,2007,0
197923,aOsmarR.Za&iuml;ane,2007,0
18102,aSoumenChakrabarti,2007,0
100801,aYufeiTao,2007,0
347421,aAristidesGionis,2007,0
100803,aJiongYang,2007,0
20484,aJiaweiHan,2007,0
251308,aDiveshSrivastava,2007,0
99027,aTokWangLing,2007,0
72740,aRen&eacute;eJ.Miller,2007,0
123077,aWolfgangNejdl,2007,0
105906,aTuBaoHo,2007,0
23718,aHongjunLu,2007,0
251496,aWeiyiMeng,2007,0
140290,aWolfgangLehner,2007,0
36221,aAlanF.Smeaton,2007,0
175,aAmbujK.Singh,2007,0
7099,aRamakrishnanSrikant,2007,0
40901,aMouniaLalmas,2007,0
98613,aJi-RongWen,2007,0
17492,aDivyakantAgrawal,2007,0
40728,aAhmedK.Elmagarmid,2007,0
273120,aSunitaSarawagi,2007,0
114935,aSrinivasanParthasarathy,2007,0
114936,aBingLiu0001,2007,0
115211,aGuyM.Lohman,2007,0
9240,aHectorGarcia-Molina,2007,0
398379,aKevinS.Beyer,2007,0
157762,aEdwardY.Chang,2007,0
272369,aLaksV.S.Lakshmanan,2007,0
272935,aRaghuRamakrishnan,2007,0
323504,aMartinEster,2007,0
115050,aHuiXiong,2007,0
168315,aJosephM.Hellerstein,2007,0
110758,aLuoSi,2007,0
246730,aI.V.Ramakrishnan,2007,0
120368,aQiangJi,2007,0
114898,aMohammedJaveedZaki,2007,0
35364,aCraigA.Knoblock,2007,0
19625,aShuichengYan,2007,0
122778,aJamesAllan,2007,0
38993,aMichaelR.Lyu,2007,0
322598,aAndrewZisserman,2007,0
114943,aJinyanLi,2007,0
286618,aDongXin,2007,0
17522,aQiangYang0001,2007,0
40503,aKatsumiTanaka,2007,0
1623,aWalidG.Aref,2007,0
272629,aLucianPopa,2007,0
37250,aVolkerMarkl,2007,0
99582,aCharuC.Aggarwal,2007,0
273282,aJingrenZhou,2007,0
1188,aKeWang,2007,0
103234,aVincentConitzer,2007,0
272342,aJohannesGehrke,2007,0
41187,aCyrusShahabi,2007,0
1733,aCarloZaniolo,2007,0
17510,aPhilipS.Yu,2007,0
39619,aRajeevMotwani,2007,0
62970,aTakeoKanade,2007,0
98258,aMatthiasSchubert,2007,0
237445,aMong-LiLee,2007,0
140210,aEe-PengLim,2007,0
69210,aC.LeeGiles,2007,0
251013,aCharlesX.Ling,2007,0
69454,aEricA.Hansen,2007,0
59744,aJayantR.Haritsa,2007,0
40472,aYannisE.Ioannidis,2007,0
1167,aPhilipA.Bernstein,2007,0
540196,aDouShen,2007,0
122063,aSihemAmer-Yahia,2007,0
100415,aGaoCong,2007,0
480418,aLiseGetoor,2007,0
71689,aAmolDeshpande,2007,0
12198,aWang-ChienLee,2007,0
122746,aW.BruceCroft,2007,0
122859,aAndrewMcCallum,2007,0
352527,aIanDavidson,2007,0
272440,aDonaldKossmann,2007,0
540232,aHua-JunZeng,2007,0
272757,aFlipKorn,2007,0
35648,aGui-RongXue,2007,0
98759,aAdaWai-CheeFu,2007,0
323244,aBernhardSeeger,2007,0
13066,aOphirFrieder,2007,0
70971,aGrahamCormode,2007,0
155116,aMarcusFontoura,2007,0
58754,aRongJin,2007,0
72400,aRaymondT.Ng,2007,0
122781,aIadhOunis,2007,0
13714,aPeerKr&ouml;ger,2007,0
323528,aChrisJermaine,2007,0
19683,aHaixunWang,2007,0
272611,aTovaMilo,2007,0
112632,aDimitriosGunopulos,2007,0
70525,aDavidJ.DeWitt,2007,0
55572,aStefanoSoatto,2007,0
114958,aJimengSun,2007,0
98537,aJianPei,2007,0
70338,aS.Muthukrishnan,2007,0
122897,aMaartendeRijke,2007,0
237350,aMichaelJ.Franklin,2007,0
67539,aChenLi0001,2007,0
122789,aLeifAzzopardi,2007,0
64637,aLucJ.VanGool,2007,0
23740,aGeoffreyI.Webb,2007,0
58828,aThomasS.Huang,2007,0
73558,aCheeYongChan,2007,0
112522,aShengMa,2007,0
115091,aChristianB&ouml;hm,2007,0
5203,aQiongLuo,2007,0
1552,aRakeshAgrawal,2007,0
22695,aPrasenjitMitra,2007,0
272362,aSamuelMadden,2007,0
686689,aAlexeyPryakhin,2007,0
114890,aEamonnJ.Keogh,2007,0
35650,aWei-YingMa,2007,0
122887,aEricHorvitz,2007,0
122011,aIoanaManolescu,2007,0
62016,aYingWu,2007,0
6544,aLingLiu,2007,0
237483,aJenniferWidom,2007,0
99643,aJavedA.Aslam,2007,0
480362,aVijayshankarRaman,2007,0
17582,aDimitrisPapadias,2007,0
18579,aKrithiRamamritham,2007,0
115142,aPang-NingTan,2007,0
18539,aTaoLi,2007,0
237291,aUgur&Ccedil;etintemel,2007,0
141261,aRyenW.White,2007,0
100047,aTie-YanLiu,2007,0
12433,aJulianaFreire,2007,0
69709,aRaymondJ.Mooney,2007,0
122886,aSusanT.Dumais,2007,0
28200,aWynneHsu,2007,0
36811,aMichaelStonebraker,2007,0
143834,aClementT.Yu,2007,0
17573,aSurajitChaudhuri,2008,0
17574,aLuisGravano,2008,0
272542,aDanSuciu,2008,0
70364,aNikosMamoulis,2008,0
20842,aJunghooCho,2008,0
18763,aWaiLam,2008,0
35371,aKotagiriRamamohanarao,2008,0
98245,aMohamedF.Mokbel,2008,0
71602,aJeffreyF.Naughton,2008,0
272677,aVivekR.Narasayya,2008,0
11984,aPeterJ.Haas,2008,0
98714,aLeiChen0002,2008,0
5316,aFabioCasati,2008,0
20074,aHuanLiu,2008,0
40824,aPer-&Aring;keLarson,2008,0
61153,aZhongfei(Mark)Zhang,2008,0
273246,aVagelisHristidis,2008,0
100200,aWenfeiFan,2008,0
17522,aQiangYang0001,2008,0
47689,aWeiFan,2008,0
273165,aJayavelShanmugasundaram,2008,0
119770,aMinosN.Garofalakis,2008,0
272433,aAnastassiaAilamaki,2008,0
273090,aShivnathBabu,2008,0
122923,aJoemonM.Jose,2008,0
346,aHeikkiMannila,2008,0
40901,aMouniaLalmas,2008,0
41010,aAmrElAbbadi,2008,0
114972,aGlennFung,2008,0
40503,aKatsumiTanaka,2008,0
22184,aHongyuanZha,2008,0
94482,aGeorgGottlob,2008,0
35325,aXiaohuaHu,2008,0
272702,aAnHaiDoan,2008,0
1623,aWalidG.Aref,2008,0
122859,aAndrewMcCallum,2008,0
540232,aHua-JunZeng,2008,0
122898,aXuanhuiWang,2008,0
17565,aM.Tamer&Ouml;zsu,2008,0
122731,aMarkSanderson,2008,0
122730,aIanRuthven,2008,0
100804,aJunYang0001,2008,0
120434,aThomasSeidl0001,2008,0
237483,aJenniferWidom,2008,0
1552,aRakeshAgrawal,2008,0
267,aHans-PeterKriegel,2008,0
143834,aClementT.Yu,2008,0
10837,aRuomingJin,2008,0
7732,aYongYu,2008,0
188769,aChristophKoch0001,2008,0
100802,aWeiWang0010,2008,0
17646,aXueminLin,2008,0
24666,aMichalisVazirgiannis,2008,0
39072,aXiaoouTang,2008,0
17486,aMing-SyanChen,2008,0
2068,aZhengChen,2008,0
111030,aChangshuiZhang,2008,0
72740,aRen&eacute;eJ.Miller,2008,0
119581,aCraigBoutilier,2008,0
18417,aJaimeG.Carbonell,2008,0
37964,aPhokionG.Kolaitis,2008,0
98315,aKian-LeeTan,2008,0
19140,aBarrySmyth,2008,0
12433,aJulianaFreire,2008,0
323610,aRaghavKaushik,2008,0
115210,aIhabF.Ilyas,2008,0
115211,aGuyM.Lohman,2008,0
57298,aDouglasW.Oard,2008,0
115104,aChengXiangZhai,2008,0
17554,aRajeevRastogi,2008,0
35648,aGui-RongXue,2008,0
115346,aSpirosPapadimitriou,2008,0
70979,aTuomasSandholm,2008,0
100415,aGaoCong,2008,0
122746,aW.BruceCroft,2008,0
272397,aAlonY.Halevy,2008,0
70971,aGrahamCormode,2008,0
123194,aEugeneAgichtein,2008,0
10592,aChrisH.Q.Ding,2008,0
101158,aBengChinOoi,2008,0
99847,aXiaojunWan,2008,0
156984,aDennisE.Shasha,2008,0
237392,aAshrafAboulnaga,2008,0
9571,aAoyingZhou,2008,0
286624,aPedroM.Domingos,2008,0
17499,aXindongWu,2008,0
122909,aCharlesL.A.Clarke,2008,0
67539,aChenLi0001,2008,0
71,aRicardoA.Baeza-Yates,2008,0
151367,aSharadMehrotra,2008,0
237413,aVanjaJosifovski,2008,0
237246,aH.V.Jagadish,2008,0
71188,aXifengYan,2008,0
17622,aElkeA.Rundensteiner,2008,0
69347,aSubbaraoKambhampati,2008,0
99055,aHangLi,2008,0
98759,aAdaWai-CheeFu,2008,0
100816,aChristosFaloutsos,2008,0
17542,aBenKao,2008,0
44937,aVipinKumar,2008,0
272534,aKevinChen-ChuanChang,2008,0
12992,aJianyongWang,2008,0
19683,aHaixunWang,2008,0
18102,aSoumenChakrabarti,2008,0
122756,aRalfSchenkel,2008,0
93845,aGeorgeKarypis,2008,0
39619,aRajeevMotwani,2008,0
157996,aK.Sel&ccedil;ukCandan,2008,0
347298,aAndrewTomkins,2008,0
69210,aC.LeeGiles,2008,0
197588,aManLungYiu,2008,0
5203,aQiongLuo,2008,0
20990,aZhi-HuaZhou,2008,0
157360,aSunilPrabhakar,2008,0
234056,aBrianD.Davison0001,2008,0
644,aAlistairMoffat,2008,0
237302,aYannisPapakonstantinou,2008,0
272706,aAnthonyK.H.Tung,2008,0
38993,aMichaelR.Lyu,2008,0
36638,aSergeAbiteboul,2008,0
143412,aSouravS.Bhowmick,2008,0
40285,aAndreiZ.Broder,2008,1
122887,aEricHorvitz,2008,0
20885,aWilliamW.Cohen,2008,0
1839,aJeffreyXuYu,2008,0
17636,aJigneshM.Patel,2008,0
17637,aGeorgeKollios,2008,0
451,aElisaBertino,2008,0
540205,aR.BharatRao,2008,0
250961,aDanielS.Weld,2008,0
100801,aYufeiTao,2008,0
347421,aAristidesGionis,2008,0
100803,aJiongYang,2008,0
63197,aMubarakShah,2008,0
251308,aDiveshSrivastava,2008,0
122769,aArjenP.deVries,2008,0
37417,aDjoerdHiemstra,2008,0
123077,aWolfgangNejdl,2008,0
23718,aHongjunLu,2008,0
251496,aWeiyiMeng,2008,0
175,aAmbujK.Singh,2008,0
560891,aQiankunZhao,2008,0
98613,aJi-RongWen,2008,0
17492,aDivyakantAgrawal,2008,0
273120,aSunitaSarawagi,2008,0
37221,aGerhardWeikum,2008,0
114935,aSrinivasanParthasarathy,2008,0
1733,aCarloZaniolo,2008,0
480517,aDavidD.Jensen,2008,0
9240,aHectorGarcia-Molina,2008,0
540196,aDouShen,2008,0
157762,aEdwardY.Chang,2008,0
272935,aRaghuRamakrishnan,2008,0
98537,aJianPei,2008,0
323504,aMartinEster,2008,0
41180,aSaritKraus,2008,0
115050,aHuiXiong,2008,0
168315,aJosephM.Hellerstein,2008,0
62016,aYingWu,2008,0
686689,aAlexeyPryakhin,2008,0
120368,aQiangJi,2008,0
114898,aMohammedJaveedZaki,2008,0
272629,aLucianPopa,2008,0
99582,aCharuC.Aggarwal,2008,0
98121,aFabioCrestani,2008,0
22200,aLizhuZhou,2008,0
19625,aShuichengYan,2008,0
110757,aFeiWang0001,2008,0
20484,aJiaweiHan,2008,0
141261,aRyenW.White,2008,0
322598,aAndrewZisserman,2008,0
93156,aJiepingYe,2008,0
114943,aJinyanLi,2008,0
286618,aDongXin,2008,0
140290,aWolfgangLehner,2008,0
198991,aJureLeskovec,2008,0
143387,aAbdurChowdhury,2008,0
37250,aVolkerMarkl,2008,0
140210,aEe-PengLim,2008,0
1188,aKeWang,2008,0
103234,aVincentConitzer,2008,0
272342,aJohannesGehrke,2008,0
62908,aNarendraAhuja,2008,0
279141,aBelleL.Tseng,2008,0
58861,aJoydeepGhosh,2008,0
98258,aMatthiasSchubert,2008,0
237445,aMong-LiLee,2008,0
105207,aMarcosAndr&eacute;Gon&ccedil;alves,2008,0
224267,aDengCai,2008,0
480362,aVijayshankarRaman,2008,0
251013,aCharlesX.Ling,2008,0
59744,aJayantR.Haritsa,2008,0
1167,aPhilipA.Bernstein,2008,0
122063,aSihemAmer-Yahia,2008,0
17510,aPhilipS.Yu,2008,0
480418,aLiseGetoor,2008,0
71689,aAmolDeshpande,2008,0
12198,aWang-ChienLee,2008,0
122738,aJian-YunNie,2008,0
352527,aIanDavidson,2008,0
272440,aDonaldKossmann,2008,0
272557,aStanleyB.Zdonik,2008,0
272757,aFlipKorn,2008,0
67157,aPeterStone,2008,0
35649,aBenyuZhang,2008,0
72400,aRaymondT.Ng,2008,0
71766,aRaviKumar0001,2008,0
13066,aOphirFrieder,2008,0
122745,aDonaldMetzler,2008,0
155116,aMarcusFontoura,2008,0
58754,aRongJin,2008,0
100457,aGangLuo,2008,0
122780,aCraigMacdonald,2008,0
122781,aIadhOunis,2008,0
13714,aPeerKr&ouml;ger,2008,0
323528,aChrisJermaine,2008,0
272611,aTovaMilo,2008,0
114890,aEamonnJ.Keogh,2008,0
70525,aDavidJ.DeWitt,2008,0
55572,aStefanoSoatto,2008,0
114958,aJimengSun,2008,0
114936,aBingLiu0001,2008,0
70338,aS.Muthukrishnan,2008,0
122897,aMaartendeRijke,2008,0
237350,aMichaelJ.Franklin,2008,0
540378,aJian-TaoSun,2008,0
64637,aLucJ.VanGool,2008,0
122831,aJustinZobel,2008,0
58828,aThomasS.Huang,2008,0
35552,aCarlosCastillo0001,2008,0
1273,aDanRoth,2008,0
73558,aCheeYongChan,2008,0
123143,aQiaozhuMei,2008,0
115091,aChristianB&ouml;hm,2008,0
66995,aGautamDas,2008,0
122789,aLeifAzzopardi,2008,0
22695,aPrasenjitMitra,2008,0
272362,aSamuelMadden,2008,0
112638,aIrwinKing,2008,0
250923,aShenghuoZhu,2008,0
122778,aJamesAllan,2008,0
35650,aWei-YingMa,2008,0
272369,aLaksV.S.Lakshmanan,2008,0
122011,aIoanaManolescu,2008,0
6934,aKarlAberer,2008,0
6544,aLingLiu,2008,0
92276,aHongCheng,2008,0
99643,aJavedA.Aslam,2008,0
17582,aDimitrisPapadias,2008,0
18579,aKrithiRamamritham,2008,0
115142,aPang-NingTan,2008,0
18539,aTaoLi,2008,0
237291,aUgur&Ccedil;etintemel,2008,0
112632,aDimitriosGunopulos,2008,0
23443,aXingquanZhu,2008,0
347310,aMichailVlachos,2008,0
272669,aNickKoudas,2008,0
69709,aRaymondJ.Mooney,2008,0
122886,aSusanT.Dumais,2008,0
347312,aYunChi,2008,0
28200,aWynneHsu,2008,0
100047,aTie-YanLiu,2008,0
70590,aKeYi,2009,0
71177,aKameshMunagala,2009,0
167950,aEvimariaTerzi,2009,0
272542,aDanSuciu,2009,0
70364,aNikosMamoulis,2009,0
72740,aRen&eacute;eJ.Miller,2009,0
41010,aAmrElAbbadi,2009,0
18763,aWaiLam,2009,0
17573,aSurajitChaudhuri,2009,0
98245,aMohamedF.Mokbel,2009,0
44937,aVipinKumar,2009,0
272677,aVivekR.Narasayya,2009,0
11984,aPeterJ.Haas,2009,0
98714,aLeiChen0002,2009,0
5316,aFabioCasati,2009,0
142100,aJonM.Kleinberg,2009,0
88001,aDorinComaniciu,2009,0
273246,aVagelisHristidis,2009,0
100200,aWenfeiFan,2009,0
172220,aXiaofeiHe,2009,0
17522,aQiangYang0001,2009,0
157528,aXian-ShengHua,2009,0
47689,aWeiFan,2009,0
273165,aJayavelShanmugasundaram,2009,0
119770,aMinosN.Garofalakis,2009,0
273090,aShivnathBabu,2009,0
272557,aStanleyB.Zdonik,2009,0
122923,aJoemonM.Jose,2009,0
346,aHeikkiMannila,2009,0
40901,aMouniaLalmas,2009,0
100804,aJunYang0001,2009,0
40503,aKatsumiTanaka,2009,0
22184,aHongyuanZha,2009,0
94482,aGeorgGottlob,2009,0
35325,aXiaohuaHu,2009,0
272702,aAnHaiDoan,2009,0
415477,aTorstenSuel,2009,0
122859,aAndrewMcCallum,2009,0
540232,aHua-JunZeng,2009,0
122898,aXuanhuiWang,2009,0
17565,aM.Tamer&Ouml;zsu,2009,0
259433,aRosieJones,2009,0
122731,aMarkSanderson,2009,0
120434,aThomasSeidl0001,2009,0
122721,aYimingYang,2009,0
111760,aYihongGong,2009,0
237483,aJenniferWidom,2009,0
1552,aRakeshAgrawal,2009,0
267,aHans-PeterKriegel,2009,0
143834,aClementT.Yu,2009,0
7732,aYongYu,2009,0
188769,aChristophKoch0001,2009,0
100802,aWeiWang0010,2009,0
17646,aXueminLin,2009,0
99669,aRuihuaSong,2009,0
24666,aMichalisVazirgiannis,2009,0
39072,aXiaoouTang,2009,0
17486,aMing-SyanChen,2009,0
2068,aZhengChen,2009,0
111030,aChangshuiZhang,2009,0
157837,aLeiZhang0001,2009,0
237246,aH.V.Jagadish,2009,0
18417,aJaimeG.Carbonell,2009,0
98315,aKian-LeeTan,2009,0
19140,aBarrySmyth,2009,0
323610,aRaghavKaushik,2009,0
115210,aIhabF.Ilyas,2009,0
1235,aGordonV.Cormack,2009,0
57298,aDouglasW.Oard,2009,0
279141,aBelleL.Tseng,2009,0
115104,aChengXiangZhai,2009,0
17554,aRajeevRastogi,2009,0
35648,aGui-RongXue,2009,0
115346,aSpirosPapadimitriou,2009,0
70979,aTuomasSandholm,2009,0
100415,aGaoCong,2009,0
122746,aW.BruceCroft,2009,0
272397,aAlonY.Halevy,2009,0
70971,aGrahamCormode,2009,0
123194,aEugeneAgichtein,2009,0
21214,aJieTang,2009,0
10592,aChrisH.Q.Ding,2009,0
5318,aUmeshwarDayal,2009,0
101158,aBengChinOoi,2009,0
99847,aXiaojunWan,2009,0
198943,aFeifeiLi0001,2009,0
58861,aJoydeepGhosh,2009,0
9571,aAoyingZhou,2009,0
286624,aPedroM.Domingos,2009,0
17499,aXindongWu,2009,0
122980,aVassilisPlachouras,2009,0
98274,aChristianS.Jensen,2009,0
122909,aCharlesL.A.Clarke,2009,0
67539,aChenLi0001,2009,0
71,aRicardoA.Baeza-Yates,2009,0
151367,aSharadMehrotra,2009,0
98573,aJianhuaFeng,2009,0
114935,aSrinivasanParthasarathy,2009,0
37221,aGerhardWeikum,2009,0
18996,aMitsuruIshizuka,2009,0
71188,aXifengYan,2009,0
123184,aFrancescoBonchi,2009,0
99055,aHangLi,2009,0
272433,aAnastassiaAilamaki,2009,0
100816,aChristosFaloutsos,2009,0
17542,aBenKao,2009,0
20074,aHuanLiu,2009,0
272534,aKevinChen-ChuanChang,2009,0
12992,aJianyongWang,2009,0
441202,aArnoSiebes,2009,0
19683,aHaixunWang,2009,0
18102,aSoumenChakrabarti,2009,0
114936,aBingLiu0001,2009,0
93845,aGeorgeKarypis,2009,0
122753,aNickCraswell,2009,0
157996,aK.Sel&ccedil;ukCandan,2009,0
347298,aAndrewTomkins,2009,0
69210,aC.LeeGiles,2009,0
695,aYehoshuaSagiv,2009,0
5203,aQiongLuo,2009,0
20990,aZhi-HuaZhou,2009,0
157360,aSunilPrabhakar,2009,0
234056,aBrianD.Davison0001,2009,0
644,aAlistairMoffat,2009,0
17622,aElkeA.Rundensteiner,2009,0
93156,aJiepingYe,2009,0
272706,aAnthonyK.H.Tung,2009,0
38993,aMichaelR.Lyu,2009,0
36638,aSergeAbiteboul,2009,0
143412,aSouravS.Bhowmick,2009,0
40285,aAndreiZ.Broder,2009,0
20885,aWilliamW.Cohen,2009,0
1839,aJeffreyXuYu,2009,0
17636,aJigneshM.Patel,2009,0
17637,aGeorgeKollios,2009,0
61474,aChunChen,2009,0
451,aElisaBertino,2009,0
35371,aKotagiriRamamohanarao,2009,0
250961,aDanielS.Weld,2009,0
100801,aYufeiTao,2009,0
347421,aAristidesGionis,2009,0
100803,aJiongYang,2009,0
63197,aMubarakShah,2009,0
251308,aDiveshSrivastava,2009,0
37417,aDjoerdHiemstra,2009,0
123077,aWolfgangNejdl,2009,0
23718,aHongjunLu,2009,0
99244,aXueqiCheng,2009,0
272864,aCongYu,2009,0
175,aAmbujK.Singh,2009,0
123149,aBenCarterette,2009,0
8115,aYiChen0001,2009,0
98759,aAdaWai-CheeFu,2009,0
98613,aJi-RongWen,2009,0
17492,aDivyakantAgrawal,2009,0
20239,aGangWang,2009,0
237413,aVanjaJosifovski,2009,0
13714,aPeerKr&ouml;ger,2009,0
141448,aAixinSun,2009,0
9240,aHectorGarcia-Molina,2009,0
540196,aDouShen,2009,0
157762,aEdwardY.Chang,2009,0
272838,aNeoklisPolyzotis,2009,0
272935,aRaghuRamakrishnan,2009,0
323504,aMartinEster,2009,0
41180,aSaritKraus,2009,0
610801,aShenghuaBao,2009,0
168315,aJosephM.Hellerstein,2009,0
114890,aEamonnJ.Keogh,2009,0
62016,aYingWu,2009,0
122738,aJian-YunNie,2009,0
114898,aMohammedJaveedZaki,2009,0
272629,aLucianPopa,2009,0
99582,aCharuC.Aggarwal,2009,0
98121,aFabioCrestani,2009,0
22200,aLizhuZhou,2009,0
19625,aShuichengYan,2009,0
110757,aFeiWang0001,2009,0
20484,aJiaweiHan,2009,0
141261,aRyenW.White,2009,0
322598,aAndrewZisserman,2009,0
286618,aDongXin,2009,0
140290,aWolfgangLehner,2009,0
198991,aJureLeskovec,2009,0
1623,aWalidG.Aref,2009,0
37250,aVolkerMarkl,2009,0
140210,aEe-PengLim,2009,0
1188,aKeWang,2009,0
103234,aVincentConitzer,2009,0
272342,aJohannesGehrke,2009,0
115050,aHuiXiong,2009,0
1733,aCarloZaniolo,2009,0
347370,aEvgeniyGabrilovich,2009,0
237445,aMong-LiLee,2009,0
105207,aMarcosAndr&eacute;Gon&ccedil;alves,2009,0
224267,aDengCai,2009,0
480362,aVijayshankarRaman,2009,0
251013,aCharlesX.Ling,2009,0
17619,aBoualemBenatallah,2009,0
1167,aPhilipA.Bernstein,2009,0
188736,aLucDeRaedt,2009,0
61472,aJiajunBu,2009,0
122063,aSihemAmer-Yahia,2009,0
251496,aWeiyiMeng,2009,0
17510,aPhilipS.Yu,2009,0
480418,aLiseGetoor,2009,0
71689,aAmolDeshpande,2009,0
12198,aWang-ChienLee,2009,0
40880,aXiaofangZhou,2009,0
107700,aYannisKotidis,2009,0
352527,aIanDavidson,2009,0
272440,aDonaldKossmann,2009,0
21857,aNingLiu,2009,0
272757,aFlipKorn,2009,0
67157,aPeterStone,2009,0
17517,aStevenC.H.Hoi,2009,0
71766,aRaviKumar0001,2009,0
13066,aOphirFrieder,2009,0
122745,aDonaldMetzler,2009,0
58754,aRongJin,2009,0
11244,aJunYan,2009,0
122780,aCraigMacdonald,2009,0
122781,aIadhOunis,2009,0
480347,aIraAssent,2009,0
272611,aTovaMilo,2009,0
10837,aRuomingJin,2009,0
60142,aTsuhanChen,2009,0
55572,aStefanoSoatto,2009,0
114958,aJimengSun,2009,0
98537,aJianPei,2009,0
70338,aS.Muthukrishnan,2009,0
122897,aMaartendeRijke,2009,0
540378,aJian-TaoSun,2009,0
100189,aGuoliangLi,2009,0
64637,aLucJ.VanGool,2009,0
122831,aJustinZobel,2009,0
58828,aThomasS.Huang,2009,0
122833,aStephenRobertson,2009,0
35552,aCarlosCastillo0001,2009,0
122838,aJaapKamps,2009,0
297894,aPascalFua,2009,0
1273,aDanRoth,2009,0
73558,aCheeYongChan,2009,0
123143,aQiaozhuMei,2009,0
115091,aChristianB&ouml;hm,2009,0
66995,aGautamDas,2009,0
122789,aLeifAzzopardi,2009,0
22695,aPrasenjitMitra,2009,0
272362,aSamuelMadden,2009,0
112638,aIrwinKing,2009,0
250923,aShenghuoZhu,2009,0
485,aAlanJ.Demers,2009,0
122778,aJamesAllan,2009,0
35650,aWei-YingMa,2009,0
272369,aLaksV.S.Lakshmanan,2009,0
122011,aIoanaManolescu,2009,0
6934,aKarlAberer,2009,0
157556,aHengTaoShen,2009,0
6544,aLingLiu,2009,0
1802,aMukeshK.Mohania,2009,0
61153,aZhongfei(Mark)Zhang,2009,0
92276,aHongCheng,2009,0
21880,aYutakaMatsuo,2009,0
99643,aJavedA.Aslam,2009,0
17582,aDimitrisPapadias,2009,0
71602,aJeffreyF.Naughton,2009,0
115142,aPang-NingTan,2009,0
18539,aTaoLi,2009,0
144713,aBenHe,2009,0
112632,aDimitriosGunopulos,2009,0
23443,aXingquanZhu,2009,0
347310,aMichailVlachos,2009,0
100457,aGangLuo,2009,0
343587,aZhongSu,2009,0
272669,aNickKoudas,2009,0
122886,aSusanT.Dumais,2009,0
347312,aYunChi,2009,0
28200,aWynneHsu,2009,0
100047,aTie-YanLiu,2009,0
24646,aJamieCallan,2009,0
70590,aKeYi,2010,0
17573,aSurajitChaudhuri,2010,0
98394,aReynoldCheng,2010,0
272542,aDanSuciu,2010,0
70364,aNikosMamoulis,2010,0
72740,aRen&eacute;eJ.Miller,2010,0
41010,aAmrElAbbadi,2010,0
18763,aWaiLam,2010,0
122721,aYimingYang,2010,0
98245,aMohamedF.Mokbel,2010,0
44937,aVipinKumar,2010,0
272677,aVivekR.Narasayya,2010,0
286310,aMariusPasca,2010,0
11984,aPeterJ.Haas,2010,0
3596,aQingLi,2010,0
98714,aLeiChen0002,2010,0
142100,aJonM.Kleinberg,2010,0
273246,aVagelisHristidis,2010,0
100200,aWenfeiFan,2010,0
27688,aJingGao,2010,0
17522,aQiangYang0001,2010,0
157528,aXian-ShengHua,2010,0
47689,aWeiFan,2010,0
273165,aJayavelShanmugasundaram,2010,0
119770,aMinosN.Garofalakis,2010,0
273090,aShivnathBabu,2010,0
122923,aJoemonM.Jose,2010,0
346,aHeikkiMannila,2010,0
100804,aJunYang0001,2010,0
40503,aKatsumiTanaka,2010,0
22184,aHongyuanZha,2010,0
94482,aGeorgGottlob,2010,0
35325,aXiaohuaHu,2010,0
272702,aAnHaiDoan,2010,0
1623,aWalidG.Aref,2010,0
415477,aTorstenSuel,2010,0
122859,aAndrewMcCallum,2010,0
21857,aNingLiu,2010,0
71766,aRaviKumar0001,2010,0
259433,aRosieJones,2010,0
122731,aMarkSanderson,2010,0
98537,aJianPei,2010,0
120434,aThomasSeidl0001,2010,0
98573,aJianhuaFeng,2010,0
111760,aYihongGong,2010,0
70338,aS.Muthukrishnan,2010,0
1552,aRakeshAgrawal,2010,0
272669,aNickKoudas,2010,0
143834,aClementT.Yu,2010,0
188769,aChristophKoch0001,2010,0
20484,aJiaweiHan,2010,0
17646,aXueminLin,2010,0
17644,aYingZhang,2010,0
24666,aMichalisVazirgiannis,2010,0
39072,aXiaoouTang,2010,0
17486,aMing-SyanChen,2010,0
2068,aZhengChen,2010,0
111030,aChangshuiZhang,2010,0
157837,aLeiZhang0001,2010,0
18417,aJaimeG.Carbonell,2010,0
98315,aKian-LeeTan,2010,0
111520,aMasashiSugiyama,2010,0
323610,aRaghavKaushik,2010,0
17510,aPhilipS.Yu,2010,0
60142,aTsuhanChen,2010,0
279141,aBelleL.Tseng,2010,0
115104,aChengXiangZhai,2010,0
17554,aRajeevRastogi,2010,0
35648,aGui-RongXue,2010,0
115346,aSpirosPapadimitriou,2010,0
112005,aHorstBischof,2010,0
70979,aTuomasSandholm,2010,0
167950,aEvimariaTerzi,2010,0
100415,aGaoCong,2010,0
122746,aW.BruceCroft,2010,0
272397,aAlonY.Halevy,2010,0
70971,aGrahamCormode,2010,0
123194,aEugeneAgichtein,2010,0
21214,aJieTang,2010,0
10592,aChrisH.Q.Ding,2010,0
5318,aUmeshwarDayal,2010,0
101158,aBengChinOoi,2010,0
99847,aXiaojunWan,2010,0
198943,aFeifeiLi0001,2010,0
9571,aAoyingZhou,2010,0
286624,aPedroM.Domingos,2010,0
17499,aXindongWu,2010,0
98274,aChristianS.Jensen,2010,0
122909,aCharlesL.A.Clarke,2010,0
67539,aChenLi0001,2010,0
71,aRicardoA.Baeza-Yates,2010,0
7732,aYongYu,2010,0
237413,aVanjaJosifovski,2010,0
272499,aBennyKimelfeld,2010,0
114935,aSrinivasanParthasarathy,2010,0
237246,aH.V.Jagadish,2010,0
71188,aXifengYan,2010,0
123184,aFrancescoBonchi,2010,0
99055,aHangLi,2010,0
98759,aAdaWai-CheeFu,2010,0
100816,aChristosFaloutsos,2010,0
17542,aBenKao,2010,0
20074,aHuanLiu,2010,0
272534,aKevinChen-ChuanChang,2010,0
8455,aJianzhongLi,2010,0
441202,aArnoSiebes,2010,0
19683,aHaixunWang,2010,0
18102,aSoumenChakrabarti,2010,0
145173,aPavelSerdyukov,2010,0
122756,aRalfSchenkel,2010,0
122750,aXiangjiHuang,2010,0
122753,aNickCraswell,2010,0
157996,aK.Sel&ccedil;ukCandan,2010,0
347298,aAndrewTomkins,2010,0
101227,aBinCui,2010,0
22863,aKlemensB&ouml;hm,2010,0
237384,aSebastianMichel,2010,0
695,aYehoshuaSagiv,2010,0
66995,aGautamDas,2010,0
20990,aZhi-HuaZhou,2010,0
157360,aSunilPrabhakar,2010,0
172220,aXiaofeiHe,2010,0
234056,aBrianD.Davison0001,2010,0
644,aAlistairMoffat,2010,0
17622,aElkeA.Rundensteiner,2010,0
112195,aDit-YanYeung,2010,0
272706,aAnthonyK.H.Tung,2010,0
38993,aMichaelR.Lyu,2010,0
36638,aSergeAbiteboul,2010,0
143412,aSouravS.Bhowmick,2010,0
40285,aAndreiZ.Broder,2010,0
20885,aWilliamW.Cohen,2010,0
1839,aJeffreyXuYu,2010,0
6934,aKarlAberer,2010,0
451,aElisaBertino,2010,0
35371,aKotagiriRamamohanarao,2010,0
250961,aDanielS.Weld,2010,0
100801,aYufeiTao,2010,0
347421,aAristidesGionis,2010,0
100802,aWeiWang0010,2010,0
251308,aDiveshSrivastava,2010,0
37417,aDjoerdHiemstra,2010,0
123077,aWolfgangNejdl,2010,0
99244,aXueqiCheng,2010,0
272864,aCongYu,2010,0
37418,aClaudiaHauff,2010,0
188736,aLucDeRaedt,2010,0
40901,aMouniaLalmas,2010,0
98613,aJi-RongWen,2010,0
17492,aDivyakantAgrawal,2010,0
20239,aGangWang,2010,0
37221,aGerhardWeikum,2010,0
13714,aPeerKr&ouml;ger,2010,0
141448,aAixinSun,2010,0
9240,aHectorGarcia-Molina,2010,0
540196,aDouShen,2010,0
157762,aEdwardY.Chang,2010,0
272935,aRaghuRamakrishnan,2010,0
98304,aWeiWang0011,2010,0
323504,aMartinEster,2010,0
26230,aWeiWang0009,2010,0
41180,aSaritKraus,2010,0
610801,aShenghuaBao,2010,0
168315,aJosephM.Hellerstein,2010,0
114890,aEamonnJ.Keogh,2010,0
21331,aNicholasR.Jennings,2010,0
122738,aJian-YunNie,2010,0
99582,aCharuC.Aggarwal,2010,0
98121,aFabioCrestani,2010,0
22200,aLizhuZhou,2010,0
19625,aShuichengYan,2010,0
110757,aFeiWang0001,2010,0
5203,aQiongLuo,2010,0
141261,aRyenW.White,2010,0
322598,aAndrewZisserman,2010,0
93156,aJiepingYe,2010,0
6544,aLingLiu,2010,0
140290,aWolfgangLehner,2010,0
198991,aJureLeskovec,2010,0
141451,aDavidCarmel,2010,0
123005,aHugoZaragoza,2010,0
140210,aEe-PengLim,2010,0
400173,aDeepakAgarwal,2010,0
1188,aKeWang,2010,0
103234,aVincentConitzer,2010,0
272342,aJohannesGehrke,2010,0
115050,aHuiXiong,2010,0
1733,aCarloZaniolo,2010,0
347370,aEvgeniyGabrilovich,2010,0
25441,aXinJin,2010,0
105207,aMarcosAndr&eacute;Gon&ccedil;alves,2010,0
12992,aJianyongWang,2010,0
224267,aDengCai,2010,0
69210,aC.LeeGiles,2010,0
251013,aCharlesX.Ling,2010,0
61474,aChunChen,2010,0
1167,aPhilipA.Bernstein,2010,0
23185,aSvethaVenkatesh,2010,0
61472,aJiajunBu,2010,0
122063,aSihemAmer-Yahia,2010,0
251496,aWeiyiMeng,2010,0
480418,aLiseGetoor,2010,0
12198,aWang-ChienLee,2010,0
40880,aXiaofangZhou,2010,0
107700,aYannisKotidis,2010,0
352527,aIanDavidson,2010,0
272440,aDonaldKossmann,2010,0
123152,aKrisztianBalog,2010,0
122980,aVassilisPlachouras,2010,0
67157,aPeterStone,2010,0
17517,aStevenC.H.Hoi,2010,0
491002,aZhaohuiZheng,2010,0
17514,aVivekanandGopalkrishnan,2010,0
304968,aYiChang,2010,0
13066,aOphirFrieder,2010,0
122745,aDonaldMetzler,2010,0
58754,aRongJin,2010,0
11244,aJunYan,2010,0
122780,aCraigMacdonald,2010,0
122781,aIadhOunis,2010,0
480347,aIraAssent,2010,0
251902,aClaudiaPlant,2010,0
272611,aTovaMilo,2010,0
10837,aRuomingJin,2010,0
114958,aJimengSun,2010,0
114936,aBingLiu0001,2010,0
114956,aHanghangTong,2010,0
122897,aMaartendeRijke,2010,0
540378,aJian-TaoSun,2010,0
100189,aGuoliangLi,2010,0
64637,aLucJ.VanGool,2010,0
122831,aJustinZobel,2010,0
58828,aThomasS.Huang,2010,0
35552,aCarlosCastillo0001,2010,0
122838,aJaapKamps,2010,0
297894,aPascalFua,2010,0
1273,aDanRoth,2010,0
152557,aYizhouSun,2010,0
98257,aMatthiasRenz,2010,0
123143,aQiaozhuMei,2010,0
115091,aChristianB&ouml;hm,2010,0
188744,aKristianKersting,2010,0
122789,aLeifAzzopardi,2010,0
22695,aPrasenjitMitra,2010,0
272362,aSamuelMadden,2010,0
112638,aIrwinKing,2010,0
250923,aShenghuoZhu,2010,0
123149,aBenCarterette,2010,0
122778,aJamesAllan,2010,0
35650,aWei-YingMa,2010,0
272369,aLaksV.S.Lakshmanan,2010,0
167809,aDavidC.Parkes,2010,0
62016,aYingWu,2010,0
157556,aHengTaoShen,2010,0
122886,aSusanT.Dumais,2010,0
1802,aMukeshK.Mohania,2010,0
92276,aHongCheng,2010,0
99643,aJavedA.Aslam,2010,0
17582,aDimitrisPapadias,2010,0
115142,aPang-NingTan,2010,0
18539,aTaoLi,2010,0
144713,aBenHe,2010,0
112632,aDimitriosGunopulos,2010,0
23443,aXingquanZhu,2010,0
347310,aMichailVlachos,2010,0
343587,aZhongSu,2010,0
267,aHans-PeterKriegel,2010,0
323252,aXiaokuiXiao,2010,0
347312,aYunChi,2010,0
71602,aJeffreyF.Naughton,2010,0
100047,aTie-YanLiu,2010,0
24646,aJamieCallan,2010,0
70590,aKeYi,2011,0
17573,aSurajitChaudhuri,2011,0
167950,aEvimariaTerzi,2011,0
272542,aDanSuciu,2011,0
70364,aNikosMamoulis,2011,0
122724,aRoiBlanco,2011,0
41010,aAmrElAbbadi,2011,0
18763,aWaiLam,2011,0
122721,aYimingYang,2011,0
98245,aMohamedF.Mokbel,2011,0
44937,aVipinKumar,2011,0
23443,aXingquanZhu,2011,0
286310,aMariusPasca,2011,0
98714,aLeiChen0002,2011,0
142100,aJonM.Kleinberg,2011,0
273246,aVagelisHristidis,2011,0
100200,aWenfeiFan,2011,0
27688,aJingGao,2011,0
17522,aQiangYang0001,2011,0
157528,aXian-ShengHua,2011,0
47689,aWeiFan,2011,0
119770,aMinosN.Garofalakis,2011,0
273090,aShivnathBabu,2011,0
122923,aJoemonM.Jose,2011,0
346,aHeikkiMannila,2011,0
70338,aS.Muthukrishnan,2011,0
123184,aFrancescoBonchi,2011,0
9240,aHectorGarcia-Molina,2011,0
40503,aKatsumiTanaka,2011,0
22184,aHongyuanZha,2011,0
54265,aSongWang,2011,0
94482,aGeorgGottlob,2011,0
272702,aAnHaiDoan,2011,0
141451,aDavidCarmel,2011,0
415477,aTorstenSuel,2011,0
122859,aAndrewMcCallum,2011,0
21857,aNingLiu,2011,0
122885,aPaulN.Bennett,2011,0
259433,aRosieJones,2011,0
122731,aMarkSanderson,2011,0
98537,aJianPei,2011,0
120434,aThomasSeidl0001,2011,0
98573,aJianhuaFeng,2011,0
4562,aBennoStein,2011,0
17486,aMing-SyanChen,2011,0
267,aHans-PeterKriegel,2011,0
143834,aClementT.Yu,2011,0
122897,aMaartendeRijke,2011,0
188769,aChristophKoch0001,2011,0
20484,aJiaweiHan,2011,0
17646,aXueminLin,2011,0
17644,aYingZhang,2011,0
39072,aXiaoouTang,2011,0
541711,aFernandoDiaz0001,2011,0
112651,aWeimingHu,2011,0
2068,aZhengChen,2011,0
122930,aWouterWeerkamp,2011,0
111030,aChangshuiZhang,2011,0
157837,aLeiZhang0001,2011,0
119581,aCraigBoutilier,2011,0
18417,aJaimeG.Carbonell,2011,0
97306,aNatasaMilic-Frayling,2011,0
98315,aKian-LeeTan,2011,0
111520,aMasashiSugiyama,2011,0
17510,aPhilipS.Yu,2011,0
122840,aJunWang0012,2011,0
115104,aChengXiangZhai,2011,0
17554,aRajeevRastogi,2011,0
35648,aGui-RongXue,2011,0
122832,aGabriellaKazai,2011,4
115346,aSpirosPapadimitriou,2011,0
112005,aHorstBischof,2011,0
70979,aTuomasSandholm,2011,0
100415,aGaoCong,2011,0
122746,aW.BruceCroft,2011,0
272397,aAlonY.Halevy,2011,0
70971,aGrahamCormode,2011,0
123194,aEugeneAgichtein,2011,0
21214,aJieTang,2011,0
6934,aKarlAberer,2011,0
272669,aNickKoudas,2011,0
10592,aChrisH.Q.Ding,2011,0
1248811,aWeizhuChen,2011,0
5318,aUmeshwarDayal,2011,0
101158,aBengChinOoi,2011,0
99847,aXiaojunWan,2011,0
198943,aFeifeiLi0001,2011,0
9571,aAoyingZhou,2011,0
17499,aXindongWu,2011,0
758087,aRuiCai,2011,0
98274,aChristianS.Jensen,2011,0
122909,aCharlesL.A.Clarke,2011,0
71766,aRaviKumar0001,2011,0
7732,aYongYu,2011,0
237413,aVanjaJosifovski,2011,0
272499,aBennyKimelfeld,2011,0
237246,aH.V.Jagadish,2011,0
18996,aMitsuruIshizuka,2011,0
71188,aXifengYan,2011,0
17622,aElkeA.Rundensteiner,2011,0
99055,aHangLi,2011,0
98759,aAdaWai-CheeFu,2011,0
100816,aChristosFaloutsos,2011,0
17542,aBenKao,2011,0
20074,aHuanLiu,2011,0
272534,aKevinChen-ChuanChang,2011,0
8455,aJianzhongLi,2011,0
19683,aHaixunWang,2011,0
18102,aSoumenChakrabarti,2011,0
145173,aPavelSerdyukov,2011,0
122756,aRalfSchenkel,2011,0
122750,aXiangjiHuang,2011,0
122753,aNickCraswell,2011,0
20101,aDingdingWang,2011,0
157996,aK.Sel&ccedil;ukCandan,2011,0
347298,aAndrewTomkins,2011,0
101227,aBinCui,2011,0
123142,aMarkJamesCarman,2011,0
19289,aHwanjoYu,2011,0
237384,aSebastianMichel,2011,0
695,aYehoshuaSagiv,2011,0
66995,aGautamDas,2011,0
20990,aZhi-HuaZhou,2011,0
172220,aXiaofeiHe,2011,0
234056,aBrianD.Davison0001,2011,0
35720,aKjetilN&oslash;rv&aring;g,2011,0
251013,aCharlesX.Ling,2011,0
112195,aDit-YanYeung,2011,0
141261,aRyenW.White,2011,0
36638,aSergeAbiteboul,2011,0
143412,aSouravS.Bhowmick,2011,0
40285,aAndreiZ.Broder,2011,0
35371,aKotagiriRamamohanarao,2011,0
1839,aJeffreyXuYu,2011,0
17636,aJigneshM.Patel,2011,0
71,aRicardoA.Baeza-Yates,2011,0
451,aElisaBertino,2011,0
35552,aCarlosCastillo0001,2011,0
250961,aDanielS.Weld,2011,0
100801,aYufeiTao,2011,0
347421,aAristidesGionis,2011,0
100802,aWeiWang0010,2011,0
251308,aDiveshSrivastava,2011,0
122769,aArjenP.deVries,2011,0
62678,aJieboLuo,2011,0
37417,aDjoerdHiemstra,2011,0
123077,aWolfgangNejdl,2011,0
4104,aMinWang,2011,0
99244,aXueqiCheng,2011,0
272864,aCongYu,2011,0
37418,aClaudiaHauff,2011,0
40901,aMouniaLalmas,2011,0
98613,aJi-RongWen,2011,0
17492,aDivyakantAgrawal,2011,0
20239,aGangWang,2011,0
122789,aLeifAzzopardi,2011,0
37221,aGerhardWeikum,2011,0
114935,aSrinivasanParthasarathy,2011,0
141448,aAixinSun,2011,0
540196,aDouShen,2011,0
272935,aRaghuRamakrishnan,2011,0
98304,aWeiWang0011,2011,0
323504,aMartinEster,2011,0
26230,aWeiWang0009,2011,0
41180,aSaritKraus,2011,0
115050,aHuiXiong,2011,0
114890,aEamonnJ.Keogh,2011,0
110758,aLuoSi,2011,0
157559,aSreenivasGollapudi,2011,0
99582,aCharuC.Aggarwal,2011,0
98121,aFabioCrestani,2011,0
22200,aLizhuZhou,2011,0
632574,aCarstenRother,2011,0
19625,aShuichengYan,2011,0
110757,aFeiWang0001,2011,0
38993,aMichaelR.Lyu,2011,0
60142,aTsuhanChen,2011,0
93156,aJiepingYe,2011,0
279141,aBelleL.Tseng,2011,0
6544,aLingLiu,2011,0
140290,aWolfgangLehner,2011,0
198991,aJureLeskovec,2011,0
108096,aBerkantBarlaCambazoglu,2011,0
123005,aHugoZaragoza,2011,0
140210,aEe-PengLim,2011,0
400173,aDeepakAgarwal,2011,0
1188,aKeWang,2011,0
103234,aVincentConitzer,2011,0
272342,aJohannesGehrke,2011,0
1733,aCarloZaniolo,2011,0
347370,aEvgeniyGabrilovich,2011,0
25441,aXinJin,2011,0
22863,aKlemensB&ouml;hm,2011,0
123143,aQiaozhuMei,2011,0
285724,aDoinaPrecup,2011,0
105207,aMarcosAndr&eacute;Gon&ccedil;alves,2011,0
12992,aJianyongWang,2011,0
224267,aDengCai,2011,0
69210,aC.LeeGiles,2011,0
72557,aLuQin,2011,0
61474,aChunChen,2011,0
188736,aLucDeRaedt,2011,0
61472,aJiajunBu,2011,0
122063,aSihemAmer-Yahia,2011,0
251496,aWeiyiMeng,2011,0
17517,aStevenC.H.Hoi,2011,0
480418,aLiseGetoor,2011,0
12198,aWang-ChienLee,2011,0
40880,aXiaofangZhou,2011,0
122738,aJian-YunNie,2011,0
352527,aIanDavidson,2011,0
272440,aDonaldKossmann,2011,0
23185,aSvethaVenkatesh,2011,0
272706,aAnthonyK.H.Tung,2011,0
6941,aPingLuo,2011,0
67157,aPeterStone,2011,0
111519,aHisashiKashima,2011,0
491002,aZhaohuiZheng,2011,0
17514,aVivekanandGopalkrishnan,2011,0
304968,aYiChang,2011,0
13066,aOphirFrieder,2011,0
122745,aDonaldMetzler,2011,0
21331,aNicholasR.Jennings,2011,0
58754,aRongJin,2011,0
11244,aJunYan,2011,0
122780,aCraigMacdonald,2011,0
122781,aIadhOunis,2011,0
480347,aIraAssent,2011,0
251902,aClaudiaPlant,2011,0
272611,aTovaMilo,2011,0
10837,aRuomingJin,2011,0
114958,aJimengSun,2011,0
114936,aBingLiu0001,2011,0
114956,aHanghangTong,2011,0
114957,aChing-YungLin,2011,0
540378,aJian-TaoSun,2011,0
100189,aGuoliangLi,2011,0
64637,aLucJ.VanGool,2011,0
122831,aJustinZobel,2011,0
58828,aThomasS.Huang,2011,0
189140,aTobyWalsh,2011,0
122834,aMiladShokouhi,2011,0
122835,aEmineYilmaz,2011,0
122838,aJaapKamps,2011,0
297894,aPascalFua,2011,0
1273,aDanRoth,2011,0
152557,aYizhouSun,2011,0
66997,aHengHuang,2011,0
115091,aChristianB&ouml;hm,2011,0
188744,aKristianKersting,2011,0
1552,aRakeshAgrawal,2011,0
22695,aPrasenjitMitra,2011,0
272362,aSamuelMadden,2011,0
112638,aIrwinKing,2011,0
250923,aShenghuoZhu,2011,0
123149,aBenCarterette,2011,0
122778,aJamesAllan,2011,0
35650,aWei-YingMa,2011,0
272369,aLaksV.S.Lakshmanan,2011,0
167809,aDavidC.Parkes,2011,0
62016,aYingWu,2011,0
157556,aHengTaoShen,2011,0
122886,aSusanT.Dumais,2011,0
1802,aMukeshK.Mohania,2011,0
92276,aHongCheng,2011,0
21880,aYutakaMatsuo,2011,0
17582,aDimitrisPapadias,2011,0
122880,aEvangelosKanoulas,2011,0
115142,aPang-NingTan,2011,0
18539,aTaoLi,2011,0
144713,aBenHe,2011,0
112632,aDimitriosGunopulos,2011,0
197901,aSeung-wonHwang,2011,0
343587,aZhongSu,2011,0
111028,aFeipingNie,2011,0
323252,aXiaokuiXiao,2011,0
347312,aYunChi,2011,0
71602,aJeffreyF.Naughton,2011,0
100047,aTie-YanLiu,2011,0
24646,aJamieCallan,2011,0
70590,aKeYi,2012,0
17573,aSurajitChaudhuri,2012,0
167950,aEvimariaTerzi,2012,0
272542,aDanSuciu,2012,0
122724,aRoiBlanco,2012,0
57325,a&Ouml;zg&uuml;rUlusoy,2012,0
18763,aWaiLam,2012,0
122721,aYimingYang,2012,0
57323,aIsmailSeng&ouml;rAlting&ouml;vde,2012,0
44937,aVipinKumar,2012,0
122782,aJimmyJ.Lin,2012,0
23443,aXingquanZhu,2012,0
70916,aAlexanderJ.Smola,2012,0
23368,aGangChen0001,2012,0
98714,aLeiChen0002,2012,0
142100,aJonM.Kleinberg,2012,0
273246,aVagelisHristidis,2012,0
100200,aWenfeiFan,2012,0
172220,aXiaofeiHe,2012,0
140290,aWolfgangLehner,2012,0
157528,aXian-ShengHua,2012,0
47689,aWeiFan,2012,0
347421,aAristidesGionis,2012,0
72557,aLuQin,2012,0
122923,aJoemonM.Jose,2012,0
346,aHeikkiMannila,2012,0
70338,aS.Muthukrishnan,2012,0
123184,aFrancescoBonchi,2012,0
35549,aJamesCaverlee,2012,0
40503,aKatsumiTanaka,2012,0
22184,aHongyuanZha,2012,0
54265,aSongWang,2012,0
94482,aGeorgGottlob,2012,0
35325,aXiaohuaHu,2012,0
272706,aAnthonyK.H.Tung,2012,0
141451,aDavidCarmel,2012,0
415477,aTorstenSuel,2012,0
122738,aJian-YunNie,2012,0
21857,aNingLiu,2012,0
114958,aJimengSun,2012,0
122885,aPaulN.Bennett,2012,0
122731,aMarkSanderson,2012,0
98537,aJianPei,2012,0
120434,aThomasSeidl0001,2012,0
98573,aJianhuaFeng,2012,0
4562,aBennoStein,2012,0
1552,aRakeshAgrawal,2012,0
267,aHans-PeterKriegel,2012,0
94121,aBhavaniM.Thuraisingham,2012,0
111028,aFeipingNie,2012,0
188769,aChristophKoch0001,2012,0
98245,aMohamedF.Mokbel,2012,0
17646,aXueminLin,2012,0
17644,aYingZhang,2012,0
123124,aIngmarWeber,2012,0
39072,aXiaoouTang,2012,0
17486,aMing-SyanChen,2012,0
112638,aIrwinKing,2012,0
114961,aNiteshV.Chawla,2012,0
273255,aByronJ.Gao,2012,0
541711,aFernandoDiaz0001,2012,0
2068,aZhengChen,2012,0
122930,aWouterWeerkamp,2012,0
111030,aChangshuiZhang,2012,0
157837,aLeiZhang0001,2012,0
6934,aKarlAberer,2012,0
18417,aJaimeG.Carbonell,2012,0
686597,aStephanG&uuml;nnemann,2012,0
97306,aNatasaMilic-Frayling,2012,0
98315,aKian-LeeTan,2012,0
17492,aDivyakantAgrawal,2012,0
35509,aTat-SengChua,2012,0
159863,aGeorgiaKoutrika,2012,0
17510,aPhilipS.Yu,2012,0
23467,aLeiLi,2012,0
272838,aNeoklisPolyzotis,2012,0
18474,aWilfredNg,2012,0
115104,aChengXiangZhai,2012,0
17554,aRajeevRastogi,2012,0
35648,aGui-RongXue,2012,0
122832,aGabriellaKazai,2012,0
114987,aJillesVreeken,2012,0
114986,aU.Kang,2012,0
70979,aTuomasSandholm,2012,0
397416,aKristenGrauman,2012,0
100415,aGaoCong,2012,0
122746,aW.BruceCroft,2012,0
272397,aAlonY.Halevy,2012,0
70971,aGrahamCormode,2012,0
123194,aEugeneAgichtein,2012,0
21214,aJieTang,2012,0
20101,aDingdingWang,2012,0
35552,aCarlosCastillo0001,2012,0
10592,aChrisH.Q.Ding,2012,0
1248811,aWeizhuChen,2012,0
5318,aUmeshwarDayal,2012,0
101158,aBengChinOoi,2012,0
99847,aXiaojunWan,2012,0
198943,aFeifeiLi0001,2012,0
5317,aMal&uacute;Castellanos,2012,0
9571,aAoyingZhou,2012,0
17499,aXindongWu,2012,0
91850,aQiHe,2012,0
98274,aChristianS.Jensen,2012,0
122909,aCharlesL.A.Clarke,2012,0
71766,aRaviKumar0001,2012,0
7732,aYongYu,2012,0
237413,aVanjaJosifovski,2012,0
272499,aBennyKimelfeld,2012,0
237246,aH.V.Jagadish,2012,0
71188,aXifengYan,2012,0
17622,aElkeA.Rundensteiner,2012,0
99055,aHangLi,2012,0
98759,aAdaWai-CheeFu,2012,0
100816,aChristosFaloutsos,2012,0
105207,aMarcosAndr&eacute;Gon&ccedil;alves,2012,0
20074,aHuanLiu,2012,0
122299,aPatrickGallinari,2012,0
8455,aJianzhongLi,2012,0
19683,aHaixunWang,2012,0
251902,aClaudiaPlant,2012,0
145173,aPavelSerdyukov,2012,0
122756,aRalfSchenkel,2012,0
22237,aEnhongChen,2012,0
122753,aNickCraswell,2012,0
131415,aHiroshiNakagawa,2012,0
157996,aK.Sel&ccedil;ukCandan,2012,0
347298,aAndrewTomkins,2012,0
101227,aBinCui,2012,0
69210,aC.LeeGiles,2012,0
19289,aHwanjoYu,2012,0
188744,aKristianKersting,2012,0
20990,aZhi-HuaZhou,2012,0
272534,aKevinChen-ChuanChang,2012,0
234056,aBrianD.Davison0001,2012,0
35720,aKjetilN&oslash;rv&aring;g,2012,0
112195,aDit-YanYeung,2012,0
36638,aSergeAbiteboul,2012,0
143412,aSouravS.Bhowmick,2012,0
40285,aAndreiZ.Broder,2012,0
35371,aKotagiriRamamohanarao,2012,0
1839,aJeffreyXuYu,2012,0
71,aRicardoA.Baeza-Yates,2012,0
450,aHuaWang,2012,0
451,aElisaBertino,2012,0
250961,aDanielS.Weld,2012,0
100801,aYufeiTao,2012,0
100802,aWeiWang0010,2012,0
122769,aArjenP.deVries,2012,0
37417,aDjoerdHiemstra,2012,0
123077,aWolfgangNejdl,2012,0
4104,aMinWang,2012,0
99244,aXueqiCheng,2012,0
272864,aCongYu,2012,0
175,aAmbujK.Singh,2012,11
37418,aClaudiaHauff,2012,0
60013,aShih-FuChang,2012,0
40901,aMouniaLalmas,2012,0
98613,aJi-RongWen,2012,0
188860,aLarsSchmidt-Thieme,2012,0
20239,aGangWang,2012,0
122789,aLeifAzzopardi,2012,0
37221,aGerhardWeikum,2012,0
114935,aSrinivasanParthasarathy,2012,0
141448,aAixinSun,2012,0
9240,aHectorGarcia-Molina,2012,0
272935,aRaghuRamakrishnan,2012,0
122840,aJunWang0012,2012,0
323504,aMartinEster,2012,0
26230,aWeiWang0009,2012,0
167809,aDavidC.Parkes,2012,0
115050,aHuiXiong,2012,0
114890,aEamonnJ.Keogh,2012,0
110758,aLuoSi,2012,0
122812,aOrenKurland,2012,0
99582,aCharuC.Aggarwal,2012,0
98121,aFabioCrestani,2012,0
189140,aTobyWalsh,2012,0
19625,aShuichengYan,2012,0
110757,aFeiWang0001,2012,0
20484,aJiaweiHan,2012,0
38993,aMichaelR.Lyu,2012,0
93156,aJiepingYe,2012,0
279141,aBelleL.Tseng,2012,0
34606,aLongbingCao,2012,0
112005,aHorstBischof,2012,0
17522,aQiangYang0001,2012,0
17523,aShou-DeLin,2012,0
198991,aJureLeskovec,2012,0
108096,aBerkantBarlaCambazoglu,2012,0
98304,aWeiWang0011,2012,0
140210,aEe-PengLim,2012,0
400173,aDeepakAgarwal,2012,0
1188,aKeWang,2012,0
103234,aVincentConitzer,2012,0
272342,aJohannesGehrke,2012,0
41180,aSaritKraus,2012,0
1733,aCarloZaniolo,2012,0
347370,aEvgeniyGabrilovich,2012,0
25441,aXinJin,2012,0
22863,aKlemensB&ouml;hm,2012,0
123143,aQiaozhuMei,2012,0
112651,aWeimingHu,2012,0
96500,aGarethJ.F.Jones,2012,0
12992,aJianyongWang,2012,0
224267,aDengCai,2012,0
251308,aDiveshSrivastava,2012,0
251013,aCharlesX.Ling,2012,0
61474,aChunChen,2012,0
61472,aJiajunBu,2012,0
122063,aSihemAmer-Yahia,2012,0
17517,aStevenC.H.Hoi,2012,0
113688,aJamesCheng,2012,0
480418,aLiseGetoor,2012,0
12198,aWang-ChienLee,2012,0
40880,aXiaofangZhou,2012,0
322140,aKlausBerberich,2012,0
297894,aPascalFua,2012,0
352527,aIanDavidson,2012,0
272440,aDonaldKossmann,2012,0
23185,aSvethaVenkatesh,2012,0
732002,aBoLong,2012,0
6941,aPingLuo,2012,0
67157,aPeterStone,2012,0
111519,aHisashiKashima,2012,0
491002,aZhaohuiZheng,2012,0
6544,aLingLiu,2012,0
304968,aYiChang,2012,0
122745,aDonaldMetzler,2012,0
21331,aNicholasR.Jennings,2012,0
18539,aTaoLi,2012,0
58754,aRongJin,2012,0
11244,aJunYan,2012,0
122780,aCraigMacdonald,2012,0
122781,aIadhOunis,2012,0
60700,aArindamBanerjee,2012,0
272356,aFelixNaumann,2012,0
272611,aTovaMilo,2012,0
10837,aRuomingJin,2012,0
122898,aXuanhuiWang,2012,0
114936,aBingLiu0001,2012,0
114956,aHanghangTong,2012,0
122897,aMaartendeRijke,2012,0
540378,aJian-TaoSun,2012,0
100189,aGuoliangLi,2012,0
64637,aLucJ.VanGool,2012,0
58828,aThomasS.Huang,2012,0
122834,aMiladShokouhi,2012,0
122835,aEmineYilmaz,2012,0
122838,aJaapKamps,2012,0
1273,aDanRoth,2012,0
152557,aYizhouSun,2012,0
66997,aHengHuang,2012,0
115091,aChristianB&ouml;hm,2012,0
66995,aGautamDas,2012,0
45412,aXiaomingLi,2012,0
22695,aPrasenjitMitra,2012,0
272362,aSamuelMadden,2012,0
122884,aOmarAlonso,2012,0
250923,aShenghuoZhu,2012,0
123149,aBenCarterette,2012,0
122778,aJamesAllan,2012,0
35650,aWei-YingMa,2012,0
272369,aLaksV.S.Lakshmanan,2012,0
122011,aIoanaManolescu,2012,0
62016,aYingWu,2012,0
122886,aSusanT.Dumais,2012,0
92276,aHongCheng,2012,0
99643,aJavedA.Aslam,2012,0
157559,aSreenivasGollapudi,2012,0
122880,aEvangelosKanoulas,2012,0
35251,aDaweiSong,2012,0
141261,aRyenW.White,2012,0
197901,aSeung-wonHwang,2012,0
343587,aZhongSu,2012,0
272669,aNickKoudas,2012,0
122887,aEricHorvitz,2012,0
323252,aXiaokuiXiao,2012,0
12200,aFabrizioSilvestri,2012,0
71602,aJeffreyF.Naughton,2012,0
100047,aTie-YanLiu,2012,0
24646,aJamieCallan,2012,0
70590,aKeYi,2013,0
17573,aSurajitChaudhuri,2013,0
167950,aEvimariaTerzi,2013,0
272542,aDanSuciu,2013,0
123124,aIngmarWeber,2013,0
122724,aRoiBlanco,2013,0
57325,a&Ouml;zg&uuml;rUlusoy,2013,0
18763,aWaiLam,2013,0
35371,aKotagiriRamamohanarao,2013,0
57323,aIsmailSeng&ouml;rAlting&ouml;vde,2013,0
44937,aVipinKumar,2013,0
122782,aJimmyJ.Lin,2013,0
23443,aXingquanZhu,2013,0
70916,aAlexanderJ.Smola,2013,0
23368,aGangChen0001,2013,0
98714,aLeiChen0002,2013,0
142100,aJonM.Kleinberg,2013,0
273246,aVagelisHristidis,2013,0
100200,aWenfeiFan,2013,0
27688,aJingGao,2013,0
140290,aWolfgangLehner,2013,3
157528,aXian-ShengHua,2013,0
47689,aWeiFan,2013,0
347421,aAristidesGionis,2013,0
273090,aShivnathBabu,2013,0
54501,aYangSong,2013,0
122923,aJoemonM.Jose,2013,0
35549,aJamesCaverlee,2013,0
40503,aKatsumiTanaka,2013,0
22184,aHongyuanZha,2013,0
94482,aGeorgGottlob,2013,0
141451,aDavidCarmel,2013,0
415477,aTorstenSuel,2013,0
122738,aJian-YunNie,2013,0
21857,aNingLiu,2013,0
540375,aEmmanuelM&uuml;ller,2013,0
122885,aPaulN.Bennett,2013,0
272534,aKevinChen-ChuanChang,2013,0
98537,aJianPei,2013,0
120434,aThomasSeidl0001,2013,0
98573,aJianhuaFeng,2013,0
4562,aBennoStein,2013,0
1552,aRakeshAgrawal,2013,0
267,aHans-PeterKriegel,2013,0
111028,aFeipingNie,2013,0
99582,aCharuC.Aggarwal,2013,0
30870,aMingZhou,2013,0
17646,aXueminLin,2013,0
17644,aYingZhang,2013,0
24666,aMichalisVazirgiannis,2013,0
39072,aXiaoouTang,2013,0
17486,aMing-SyanChen,2013,0
273255,aByronJ.Gao,2013,0
123001,aMinZhang0006,2013,0
541711,aFernandoDiaz0001,2013,0
252394,aKeZhou,2013,0
2068,aZhengChen,2013,0
122930,aWouterWeerkamp,2013,0
111030,aChangshuiZhang,2013,0
157837,aLeiZhang0001,2013,0
18417,aJaimeG.Carbonell,2013,0
686597,aStephanG&uuml;nnemann,2013,0
98315,aKian-LeeTan,2013,0
35509,aTat-SengChua,2013,0
20930,aCanWang,2013,0
8235,aNarenRamakrishnan,2013,0
23467,aLeiLi,2013,0
272838,aNeoklisPolyzotis,2013,0
18474,aWilfredNg,2013,0
115104,aChengXiangZhai,2013,0
17554,aRajeevRastogi,2013,0
990302,aYoelleMaarek,2013,0
114987,aJillesVreeken,2013,0
114986,aU.Kang,2013,0
17622,aElkeA.Rundensteiner,2013,0
100415,aGaoCong,2013,0
122746,aW.BruceCroft,2013,0
122744,aTetsuyaSakai,2013,0
70971,aGrahamCormode,2013,0
123194,aEugeneAgichtein,2013,0
21214,aJieTang,2013,0
35552,aCarlosCastillo0001,2013,0
10592,aChrisH.Q.Ding,2013,0
1248811,aWeizhuChen,2013,0
5318,aUmeshwarDayal,2013,0
101158,aBengChinOoi,2013,0
99847,aXiaojunWan,2013,0
198943,aFeifeiLi0001,2013,0
5317,aMal&uacute;Castellanos,2013,0
9571,aAoyingZhou,2013,0
17499,aXindongWu,2013,0
98274,aChristianS.Jensen,2013,0
122909,aCharlesL.A.Clarke,2013,0
71766,aRaviKumar0001,2013,0
852458,aJiafengGuo,2013,0
7732,aYongYu,2013,0
237413,aVanjaJosifovski,2013,0
71188,aXifengYan,2013,0
123184,aFrancescoBonchi,2013,0
99055,aHangLi,2013,0
122969,aCarstenEickhoff,2013,0
100816,aChristosFaloutsos,2013,0
123091,aThorstenJoachims,2013,0
105207,aMarcosAndr&eacute;Gon&ccedil;alves,2013,0
20074,aHuanLiu,2013,0
1332,aMeichunHsu,2013,0
1839,aJeffreyXuYu,2013,0
122299,aPatrickGallinari,2013,0
8455,aJianzhongLi,2013,0
19683,aHaixunWang,2013,0
114958,aJimengSun,2013,0
145173,aPavelSerdyukov,2013,0
122756,aRalfSchenkel,2013,0
122753,aNickCraswell,2013,0
157996,aK.Sel&ccedil;ukCandan,2013,0
347298,aAndrewTomkins,2013,0
101227,aBinCui,2013,0
69210,aC.LeeGiles,2013,0
19289,aHwanjoYu,2013,0
188744,aKristianKersting,2013,0
20990,aZhi-HuaZhou,2013,0
172220,aXiaofeiHe,2013,0
234056,aBrianD.Davison0001,2013,0
35720,aKjetilN&oslash;rv&aring;g,2013,0
251013,aCharlesX.Ling,2013,0
112195,aDit-YanYeung,2013,0
143412,aSouravS.Bhowmick,2013,0
40285,aAndreiZ.Broder,2013,0
18270,aChengqiZhang,2013,0
20885,aWilliamW.Cohen,2013,0
35370,aJamesBailey,2013,0
71,aRicardoA.Baeza-Yates,2013,0
450,aHuaWang,2013,0
22237,aEnhongChen,2013,0
100801,aYufeiTao,2013,0
20484,aJiaweiHan,2013,0
122769,aArjenP.deVries,2013,0
555902,aNeelSundaresan,2013,0
37417,aDjoerdHiemstra,2013,0
123077,aWolfgangNejdl,2013,0
4104,aMinWang,2013,0
99244,aXueqiCheng,2013,0
272508,aFabianM.Suchanek,2013,0
272864,aCongYu,2013,0
175,aAmbujK.Singh,2013,0
17517,aStevenC.H.Hoi,2013,0
60013,aShih-FuChang,2013,0
40901,aMouniaLalmas,2013,0
98613,aJi-RongWen,2013,0
17492,aDivyakantAgrawal,2013,0
20239,aGangWang,2013,0
122789,aLeifAzzopardi,2013,0
37221,aGerhardWeikum,2013,0
114935,aSrinivasanParthasarathy,2013,0
141448,aAixinSun,2013,0
9240,aHectorGarcia-Molina,2013,0
122880,aEvangelosKanoulas,2013,0
122840,aJunWang0012,2013,0
251902,aClaudiaPlant,2013,0
323504,aMartinEster,2013,0
167809,aDavidC.Parkes,2013,0
115050,aHuiXiong,2013,0
62909,aLarryS.Davis,2013,0
114890,aEamonnJ.Keogh,2013,0
110758,aLuoSi,2013,0
122812,aOrenKurland,2013,0
98121,aFabioCrestani,2013,0
189140,aTobyWalsh,2013,0
19625,aShuichengYan,2013,0
110757,aFeiWang0001,2013,0
38993,aMichaelR.Lyu,2013,0
93156,aJiepingYe,2013,0
18280,aSang-WookKim,2013,0
279141,aBelleL.Tseng,2013,0
34606,aLongbingCao,2013,0
112005,aHorstBischof,2013,0
17522,aQiangYang0001,2013,0
17523,aShou-DeLin,2013,0
198991,aJureLeskovec,2013,0
108096,aBerkantBarlaCambazoglu,2013,0
98304,aWeiWang0011,2013,0
140210,aEe-PengLim,2013,0
400173,aDeepakAgarwal,2013,0
1188,aKeWang,2013,0
103234,aVincentConitzer,2013,0
272342,aJohannesGehrke,2013,0
41180,aSaritKraus,2013,0
347370,aEvgeniyGabrilovich,2013,0
25441,aXinJin,2013,0
115185,aEricP.Xing,2013,0
123143,aQiaozhuMei,2013,0
112651,aWeimingHu,2013,0
96500,aGarethJ.F.Jones,2013,0
12992,aJianyongWang,2013,0
224267,aDengCai,2013,5
686650,aChiWang0001,2013,0
251308,aDiveshSrivastava,2013,0
72557,aLuQin,2013,0
61474,aChunChen,2013,0
98428,aJenniferNeville,2013,0
123152,aKrisztianBalog,2013,0
61472,aJiajunBu,2013,0
122063,aSihemAmer-Yahia,2013,0
17510,aPhilipS.Yu,2013,0
113688,aJamesCheng,2013,0
480418,aLiseGetoor,2013,0
12198,aWang-ChienLee,2013,0
40880,aXiaofangZhou,2013,0
322140,aKlausBerberich,2013,0
297894,aPascalFua,2013,0
352527,aIanDavidson,2013,0
272440,aDonaldKossmann,2013,0
23185,aSvethaVenkatesh,2013,0
272706,aAnthonyK.H.Tung,2013,0
6941,aPingLuo,2013,0
67157,aPeterStone,2013,0
111519,aHisashiKashima,2013,0
491002,aZhaohuiZheng,2013,0
304968,aYiChang,2013,0
122745,aDonaldMetzler,2013,0
21331,aNicholasR.Jennings,2013,0
3551,aJianminWang0001,2013,0
18539,aTaoLi,2013,0
58754,aRongJin,2013,0
11244,aJunYan,2013,0
122780,aCraigMacdonald,2013,0
122781,aIadhOunis,2013,0
60700,aArindamBanerjee,2013,0
272356,aFelixNaumann,2013,0
272611,aTovaMilo,2013,0
10837,aRuomingJin,2013,0
494161,aXiangnanKong,2013,0
122898,aXuanhuiWang,2013,0
114936,aBingLiu0001,2013,0
114956,aHanghangTong,2013,0
122897,aMaartendeRijke,2013,0
540378,aJian-TaoSun,2013,0
100189,aGuoliangLi,2013,0
64637,aLucJ.VanGool,2013,0
58828,aThomasS.Huang,2013,0
122834,aMiladShokouhi,2013,0
122835,aEmineYilmaz,2013,0
122838,aJaapKamps,2013,0
1273,aDanRoth,2013,0
152557,aYizhouSun,2013,0
100282,aShaopingMa,2013,0
66997,aHengHuang,2013,0
115091,aChristianB&ouml;hm,2013,0
66995,aGautamDas,2013,0
45412,aXiaomingLi,2013,0
22695,aPrasenjitMitra,2013,0
272362,aSamuelMadden,2013,0
122884,aOmarAlonso,2013,0
250923,aShenghuoZhu,2013,0
123149,aBenCarterette,2013,0
122778,aJamesAllan,2013,0
35650,aWei-YingMa,2013,0
272369,aLaksV.S.Lakshmanan,2013,0
122011,aIoanaManolescu,2013,0
6934,aKarlAberer,2013,0
112638,aIrwinKing,2013,0
92276,aHongCheng,2013,0
24645,aKevynCollins-Thompson,2013,0
99643,aJavedA.Aslam,2013,0
157559,aSreenivasGollapudi,2013,0
71602,aJeffreyF.Naughton,2013,0
122832,aGabriellaKazai,2013,0
35251,aDaweiSong,2013,0
68504,aYiqunLiu,2013,0
141261,aRyenW.White,2013,0
197901,aSeung-wonHwang,2013,0
343587,aZhongSu,2013,0
272669,aNickKoudas,2013,0
122887,aEricHorvitz,2013,0
122886,aSusanT.Dumais,2013,0
12200,aFabrizioSilvestri,2013,0
323208,aAnishDasSarma,2013,0
100047,aTie-YanLiu,2013,0
323252,aXiaokuiXiao,2013,0
